-- phpMyAdmin SQL Dump
-- version 4.9.2
-- https://www.phpmyadmin.net/
--
-- Host: 127.0.0.1
-- Generation Time: Sep 23, 2020 at 12:53 AM
-- Server version: 10.4.11-MariaDB
-- PHP Version: 7.4.1

SET SQL_MODE = "NO_AUTO_VALUE_ON_ZERO";
SET AUTOCOMMIT = 0;
START TRANSACTION;
SET time_zone = "+00:00";


/*!40101 SET @OLD_CHARACTER_SET_CLIENT=@@CHARACTER_SET_CLIENT */;
/*!40101 SET @OLD_CHARACTER_SET_RESULTS=@@CHARACTER_SET_RESULTS */;
/*!40101 SET @OLD_COLLATION_CONNECTION=@@COLLATION_CONNECTION */;
/*!40101 SET NAMES utf8mb4 */;

--
-- Database: `brown_box`
--

-- --------------------------------------------------------

--
-- Table structure for table `auths`
--

CREATE TABLE `auths` (
  `auth_id` int(11) NOT NULL,
  `order_no` varchar(3) NOT NULL,
  `customer` varchar(3) NOT NULL,
  `date_order` varchar(3) NOT NULL,
  `received_date` varchar(3) NOT NULL,
  `status` varchar(3) NOT NULL,
  `descr` varchar(3) NOT NULL,
  `img` varchar(3) NOT NULL,
  `title` varchar(3) NOT NULL,
  `upc` varchar(255) NOT NULL,
  `part_no` varchar(255) NOT NULL,
  `supplier` varchar(3) NOT NULL,
  `track_numb` varchar(3) NOT NULL,
  `asin_numb` varchar(3) NOT NULL,
  `quantity` varchar(3) NOT NULL,
  `size` varchar(3) NOT NULL,
  `service` varchar(3) NOT NULL,
  `cond` varchar(3) NOT NULL
) ENGINE=InnoDB DEFAULT CHARSET=utf8mb4;

--
-- Dumping data for table `auths`
--

INSERT INTO `auths` (`auth_id`, `order_no`, `customer`, `date_order`, `received_date`, `status`, `descr`, `img`, `title`, `upc`, `part_no`, `supplier`, `track_numb`, `asin_numb`, `quantity`, `size`, `service`, `cond`) VALUES
(1, 'no', 'yes', 'yes', 'yes', 'yes', 'yes', 'yes', 'yes', 'yes', 'yes', 'yes', 'yes', 'yes', 'yes', 'yes', 'yes', 'yes');

-- --------------------------------------------------------

--
-- Table structure for table `invoices`
--

CREATE TABLE `invoices` (
  `id` int(11) NOT NULL,
  `user_orders_id` int(11) NOT NULL,
  `datetime` timestamp NOT NULL DEFAULT current_timestamp()
) ENGINE=InnoDB DEFAULT CHARSET=latin1;

--
-- Dumping data for table `invoices`
--

INSERT INTO `invoices` (`id`, `user_orders_id`, `datetime`) VALUES
(13, 5, '2020-07-11 08:13:07'),
(14, 5, '2020-08-04 22:13:29'),
(15, 5, '2020-08-07 03:39:35'),
(16, 5, '2020-08-07 06:56:31'),
(17, 5, '2020-08-26 16:55:45'),
(18, 6, '2020-08-26 16:55:51'),
(19, 4, '2020-09-02 03:36:39'),
(20, 4, '2020-09-02 04:01:07'),
(21, 4, '2020-09-02 04:31:20'),
(22, 5, '2020-09-02 07:06:12'),
(23, 4, '2020-09-02 07:07:22'),
(24, 10, '2020-09-02 07:09:11'),
(25, 11, '2020-09-13 23:21:54'),
(26, 12, '2020-09-13 23:22:58'),
(27, 13, '2020-09-13 23:29:16'),
(28, 17, '2020-09-16 03:18:38'),
(29, 14, '2020-09-16 03:22:33'),
(30, 14, '2020-09-16 03:22:43'),
(31, 18, '2020-09-16 03:52:21'),
(32, 14, '2020-09-17 01:26:08'),
(33, 14, '2020-09-17 01:26:11'),
(34, 20, '2020-09-18 20:25:33');

-- --------------------------------------------------------

--
-- Table structure for table `notifications`
--

CREATE TABLE `notifications` (
  `id` int(11) NOT NULL,
  `from_user_id` int(11) DEFAULT NULL,
  `notification_for` enum('admin','customer') DEFAULT NULL,
  `subject` text DEFAULT NULL,
  `message` text DEFAULT NULL,
  `page_url` varchar(255) DEFAULT NULL,
  `is_read` tinyint(1) DEFAULT 0,
  `create_at` datetime DEFAULT NULL,
  `read_at` datetime DEFAULT NULL
) ENGINE=InnoDB DEFAULT CHARSET=latin1;

--
-- Dumping data for table `notifications`
--

INSERT INTO `notifications` (`id`, `from_user_id`, `notification_for`, `subject`, `message`, `page_url`, `is_read`, `create_at`, `read_at`) VALUES
(1, NULL, 'admin', 'New Ticket', 'You have a new support ticket', 'admin/tickets', 1, '2020-09-13 10:27:13', NULL),
(2, 7, 'admin', 'New Ticket', 'You have a new support ticket', 'admin/tickets', 1, '2020-09-13 10:28:09', NULL),
(3, 6, 'customer', 'Ticket Replay', 'You have a reply on Ticket #756815', 'admin/tickets', 1, '2020-09-13 10:57:47', NULL),
(4, 7, 'customer', 'Ticket Replay', 'You have a reply on Ticket #756815', 'admin/tickets', 1, '2020-09-13 11:16:09', NULL),
(5, 7, 'customer', 'Ticket Replay', 'You have a reply on Ticket #756815', 'admin/tickets', 1, '2020-09-13 11:17:13', NULL),
(6, 6, 'admin', 'Ticket Replay', 'You have a reply on Ticket #756815', 'admin/tickets', 1, '2020-09-13 11:17:41', NULL),
(7, 7, 'admin', 'Ticket Replay', 'You have a reply on Ticket #756815', 'admin/tickets', 1, '2020-09-13 11:18:42', NULL),
(8, 6, 'customer', 'Ticket Replay', 'You have a reply on Ticket #756815', 'admin/tickets', 1, '2020-09-13 11:19:20', NULL),
(9, 6, 'customer', 'Ticket resolved', 'Ticket 756815 has been resolved', 'admin/tickets', 1, '2020-09-13 11:24:21', NULL),
(10, 7, 'admin', 'New Ticket', 'You have a new support ticket', 'admin/tickets', 1, '2020-09-13 11:30:27', NULL),
(11, 6, 'customer', 'Ticket Replay', 'You have a reply on Ticket #564759', 'admin/tickets', 1, '2020-09-13 11:30:57', NULL),
(12, 7, 'admin', 'Ticket Replay', 'You have a reply on Ticket #564759', 'admin/tickets', 1, '2020-09-13 11:31:18', NULL),
(13, 6, 'customer', 'Ticket Replay', 'You have a reply on Ticket #564759', 'admin/tickets', 1, '2020-09-13 11:31:37', NULL),
(14, 7, 'customer', 'Ticket resolved', 'Ticket 564759 has been resolved', 'admin/tickets', 1, '2020-09-13 11:31:50', NULL),
(15, 7, 'admin', 'New Ticket', 'You have a new support ticket', 'admin/tickets', 1, '2020-09-13 07:17:42', NULL),
(16, 7, 'admin', 'New Ticket', 'You have a new support ticket', 'admin/tickets', 1, '2020-09-15 11:06:27', NULL),
(17, 6, 'customer', 'Ticket Replay', 'You have a reply on Ticket #641083', 'admin/tickets', 1, '2020-09-15 11:06:49', NULL),
(18, 6, 'customer', 'Ticket Replay', 'You have a reply on Ticket #641083', 'admin/tickets', 1, '2020-09-15 11:08:33', NULL),
(19, 7, 'admin', 'Ticket Replay', 'You have a reply on Ticket #641083', 'admin/tickets', 1, '2020-09-15 11:09:11', NULL),
(20, 7, 'admin', 'Ticket resolved', 'Ticket 641083 has been resolved', 'admin/tickets', 1, '2020-09-15 11:09:20', NULL),
(21, 6, 'admin', 'Ticket resolved', 'Ticket 641083 has been resolved', 'admin/tickets', 1, '2020-09-15 11:09:25', NULL),
(22, 15, 'admin', 'New Ticket', 'You have a new support ticket', 'admin/tickets', 1, '2020-09-15 11:33:28', NULL),
(23, 6, 'customer', 'Ticket Replay', 'You have a reply on Ticket #192756', 'admin/tickets', 1, '2020-09-15 11:35:26', NULL),
(24, 15, 'admin', 'Ticket resolved', 'Ticket 192756 has been resolved', 'admin/tickets', 1, '2020-09-15 11:48:03', NULL),
(25, 7, 'admin', 'New Ticket', 'You have a new support ticket', 'admin/tickets', 1, '2020-09-18 04:30:33', NULL),
(26, 6, 'customer', 'Ticket Replay', 'You have a reply on Ticket #116840', 'admin/tickets', 1, '2020-09-18 04:31:47', NULL),
(27, 7, 'admin', 'Ticket Replay', 'You have a reply on Ticket #116840', 'admin/tickets', 0, '2020-09-18 04:32:25', NULL),
(28, 6, 'admin', 'Ticket resolved', 'Ticket 116840 has been resolved', 'admin/tickets', 0, '2020-09-18 04:32:41', NULL);

-- --------------------------------------------------------

--
-- Table structure for table `orders`
--

CREATE TABLE `orders` (
  `id` int(11) NOT NULL,
  `order_number` varchar(255) NOT NULL,
  `user_id` int(11) NOT NULL,
  `date_ordered` date NOT NULL,
  `description` text NOT NULL,
  `status` enum('incoming','picked','received','prepared','packed','shipped','ordered') NOT NULL,
  `date_added` timestamp NOT NULL DEFAULT current_timestamp(),
  `received_date` timestamp NULL DEFAULT NULL,
  `is_deleted` tinyint(1) NOT NULL,
  `is_archive` tinyint(4) NOT NULL
) ENGINE=InnoDB DEFAULT CHARSET=latin1;

--
-- Dumping data for table `orders`
--

INSERT INTO `orders` (`id`, `order_number`, `user_id`, `date_ordered`, `description`, `status`, `date_added`, `received_date`, `is_deleted`, `is_archive`) VALUES
(1, '', 7, '2020-09-01', 'bring on time', 'received', '2020-09-01 19:23:56', '2020-09-01 04:00:00', 0, 1),
(2, '', 7, '2020-09-01', 'Bring on time', 'ordered', '2020-09-01 19:24:51', '2020-09-01 04:00:00', 0, 0),
(3, '', 7, '2020-09-01', 'Bring on time', 'ordered', '2020-09-01 19:57:06', NULL, 0, 0),
(4, '', 7, '2020-09-01', 'bring on time', 'ordered', '2020-09-01 19:58:40', NULL, 0, 0),
(5, '', 7, '2020-09-01', 'please make sure product is correct', 'ordered', '2020-09-02 02:27:48', '2020-09-01 04:00:00', 0, 0),
(6, '', 7, '2020-09-01', 'please make sure product is correct', 'ordered', '2020-09-02 02:29:53', NULL, 0, 0),
(7, '', 7, '2020-09-01', 'bring on time', 'ordered', '2020-09-02 02:29:53', NULL, 0, 0),
(9, '', 7, '2020-09-01', 'rgergregerg', 'ordered', '2020-09-02 06:38:35', NULL, 0, 0),
(10, '', 7, '2020-09-01', 'please make sure product is correct', 'ordered', '2020-09-02 06:38:35', NULL, 0, 0),
(11, '', 7, '2020-09-01', 'rgergregerg', 'ordered', '2020-09-02 06:47:21', NULL, 0, 0),
(12, '', 7, '2020-09-01', 'please make sure product is correct', 'ordered', '2020-09-02 06:47:21', NULL, 0, 0),
(13, '', 7, '2020-09-01', 'rgergregerg', 'ordered', '2020-09-02 07:05:28', NULL, 0, 0),
(14, '', 7, '2020-09-01', 'rgergregerg', 'ordered', '2020-09-02 07:06:30', NULL, 0, 0),
(15, '', 7, '2020-09-01', 'rgergregerg', 'ordered', '2020-09-02 07:09:30', NULL, 0, 0),
(16, '', 7, '2020-09-01', 'rgergregerg', 'ordered', '2020-09-03 04:50:27', NULL, 0, 0),
(17, '', 7, '2020-09-01', 'bring on time', 'ordered', '2020-09-03 04:50:27', NULL, 0, 0),
(18, '', 7, '2020-09-01', 'rgergregerg', 'ordered', '2020-09-03 04:53:28', NULL, 0, 0),
(20, '', 17, '2020-09-11', 'abcd', 'received', '2020-09-12 02:55:02', '2020-09-13 04:00:00', 0, 0),
(21, '', 17, '2020-09-11', 'abcdefg', 'received', '2020-09-12 03:32:44', '2020-09-13 04:00:00', 0, 0),
(22, '', 17, '2020-09-11', 'abcd', 'ordered', '2020-09-12 18:59:22', NULL, 0, 0),
(24, '', 17, '2020-09-11', 'abcdefg', 'ordered', '2020-09-13 03:38:44', NULL, 0, 0),
(27, '', 7, '2020-09-13', 'rdgreg', 'incoming', '2020-09-13 23:43:49', NULL, 0, 0),
(28, '', 7, '2020-09-13', 'gfrgregerg', 'ordered', '2020-09-13 23:50:26', NULL, 0, 0),
(29, '', 13, '2020-09-13', 'rfgrgre', 'received', '2020-09-14 01:56:15', '2020-09-13 04:00:00', 0, 0),
(30, '', 7, '2020-09-13', 'rfgrgre', 'incoming', '2020-09-14 01:58:17', NULL, 0, 0),
(31, '', 10, '2020-09-15', 'alskdfj', 'incoming', '2020-09-15 00:54:18', NULL, 0, 0),
(32, '', 7, '0000-00-00', 'Harmon Face Values Bikini Disposable Shavers Razors, 3 Count Each,', 'incoming', '2020-09-15 17:44:07', NULL, 0, 0),
(33, '', 7, '0000-00-00', 'No7 City Light Tinted Moisturiser SPF 15 Medium - 1.69oz Medium', 'incoming', '2020-09-15 17:44:07', NULL, 0, 0),
(34, '', 7, '0000-00-00', 'Eva NYC Mane Magic 10-in-1 Primer, 6 Oz', 'incoming', '2020-09-15 17:44:07', NULL, 0, 0),
(35, '', 7, '0000-00-00', 'No7 City Light Tinted Moisturiser SPF 15 Medium - 1.69oz Medium', 'incoming', '2020-09-15 17:44:07', NULL, 0, 0),
(36, '', 7, '0000-00-00', 'Nailtiques Formula 2 Plus, .25 Oz', 'incoming', '2020-09-15 17:44:07', NULL, 0, 0),
(37, '', 7, '0000-00-00', 'Earth Therapeutics Soft & Smooth Gentle Peeling Foot Mask', 'incoming', '2020-09-15 17:44:07', NULL, 0, 0),
(38, '', 7, '0000-00-00', 'Wormeze Feline Liquid Wormer for Cats & Kittens 4oz.', 'incoming', '2020-09-15 17:44:07', NULL, 0, 0),
(39, '', 7, '0000-00-00', 'Earthbath Natural Oatmeal & Aloe Itch Relief Dog & Cat Shampoo for Sensitive Skin 16 oz', 'incoming', '2020-09-15 17:44:07', NULL, 0, 0),
(40, '', 7, '0000-00-00', 'Multi-Surface Satin Acrylic Paint Value Pack by Craft Smart, 16 Colors, 2 oz.', 'incoming', '2020-09-15 17:44:07', NULL, 0, 0),
(41, '', 7, '0000-00-00', 'FURminator deShedding Shampoo for Dogs and Cats, 16 Ounces', 'incoming', '2020-09-15 17:44:07', NULL, 0, 0),
(42, '', 7, '0000-00-00', 'Buddy Wash Shampoo and Conditioner 16oz + Buddy Wash Spritz Lavender Mint Dog Grooming Bundle 4 Oz\n', 'incoming', '2020-09-15 17:44:07', NULL, 0, 0),
(43, '', 7, '0000-00-00', 'Cloud Star Buddy Wash Lavender and Mint, 16 Oz', 'incoming', '2020-09-15 17:44:07', NULL, 0, 0),
(44, '', 7, '0000-00-00', 'Duck Pack & Track Scannable Storage Labels, White', 'incoming', '2020-09-15 17:44:07', NULL, 0, 0),
(45, '', 7, '0000-00-00', 'L\'Oreal Paris Elvive - Dream Lengths - Restoring Shampoo  + L\'Oreal Paris Elvive Super Detangler Conditioner', 'incoming', '2020-09-15 17:44:07', NULL, 0, 0),
(46, '', 7, '0000-00-00', 'Powerade Mountain Berry Blast Powder Drink Mix, 5 Gallon Bag', 'incoming', '2020-09-15 17:44:07', NULL, 0, 0),
(47, '', 7, '0000-00-00', 'The Nubian Eye Palette', 'incoming', '2020-09-15 17:44:07', NULL, 0, 0),
(48, '', 7, '0000-00-00', 'Salon Care 20 Volume Creme Developer, 32oz', 'incoming', '2020-09-15 17:44:07', NULL, 0, 0),
(49, '', 7, '2020-08-22', 'Humphrey\'s Homeopathic Remedy Organic Witch Hazel -- 16 fl oz', 'incoming', '2020-09-15 17:44:07', NULL, 0, 0),
(50, '', 7, '0000-00-00', 'Harmon Face Values Bikini Disposable Shavers Razors, 3 Count Each,', 'incoming', '2020-09-15 17:48:49', NULL, 0, 0),
(51, '', 7, '0000-00-00', 'No7 City Light Tinted Moisturiser SPF 15 Medium - 1.69oz Medium', 'incoming', '2020-09-15 17:48:49', NULL, 0, 0),
(52, '', 7, '0000-00-00', 'Eva NYC Mane Magic 10-in-1 Primer, 6 Oz', 'incoming', '2020-09-15 17:48:49', NULL, 0, 0),
(53, '', 7, '0000-00-00', 'No7 City Light Tinted Moisturiser SPF 15 Medium - 1.69oz Medium', 'incoming', '2020-09-15 17:48:49', NULL, 0, 0),
(54, '', 7, '0000-00-00', 'Nailtiques Formula 2 Plus, .25 Oz', 'incoming', '2020-09-15 17:48:49', NULL, 0, 0),
(55, '', 7, '0000-00-00', 'Earth Therapeutics Soft & Smooth Gentle Peeling Foot Mask', 'incoming', '2020-09-15 17:48:49', NULL, 0, 0),
(56, '', 7, '0000-00-00', 'Wormeze Feline Liquid Wormer for Cats & Kittens 4oz.', 'incoming', '2020-09-15 17:48:49', NULL, 0, 0),
(57, '', 7, '0000-00-00', 'Earthbath Natural Oatmeal & Aloe Itch Relief Dog & Cat Shampoo for Sensitive Skin 16 oz', 'incoming', '2020-09-15 17:48:49', NULL, 0, 0),
(58, '', 7, '0000-00-00', 'Multi-Surface Satin Acrylic Paint Value Pack by Craft Smart, 16 Colors, 2 oz.', 'incoming', '2020-09-15 17:48:49', NULL, 0, 0),
(59, '', 7, '0000-00-00', 'FURminator deShedding Shampoo for Dogs and Cats, 16 Ounces', 'incoming', '2020-09-15 17:48:49', NULL, 0, 0),
(60, '', 7, '0000-00-00', 'Buddy Wash Shampoo and Conditioner 16oz + Buddy Wash Spritz Lavender Mint Dog Grooming Bundle 4 Oz\n', 'incoming', '2020-09-15 17:48:49', NULL, 0, 0),
(61, '', 7, '0000-00-00', 'Cloud Star Buddy Wash Lavender and Mint, 16 Oz', 'incoming', '2020-09-15 17:48:49', NULL, 0, 0),
(62, '', 7, '0000-00-00', 'Duck Pack & Track Scannable Storage Labels, White', 'incoming', '2020-09-15 17:48:49', NULL, 0, 0),
(63, '', 7, '0000-00-00', 'L\'Oreal Paris Elvive - Dream Lengths - Restoring Shampoo  + L\'Oreal Paris Elvive Super Detangler Conditioner', 'incoming', '2020-09-15 17:48:49', NULL, 0, 0),
(64, '', 7, '0000-00-00', 'Powerade Mountain Berry Blast Powder Drink Mix, 5 Gallon Bag', 'incoming', '2020-09-15 17:48:49', NULL, 0, 0),
(65, '', 7, '0000-00-00', 'The Nubian Eye Palette', 'incoming', '2020-09-15 17:48:49', NULL, 0, 0),
(66, '', 7, '0000-00-00', 'Salon Care 20 Volume Creme Developer, 32oz', 'incoming', '2020-09-15 17:48:49', NULL, 0, 0),
(67, '', 7, '0000-00-00', 'Humphrey\'s Homeopathic Remedy Organic Witch Hazel -- 16 fl oz', 'incoming', '2020-09-15 17:48:49', NULL, 0, 0),
(68, '', 7, '0000-00-00', 'Harmon Face Values Bikini Disposable Shavers Razors, 3 Count Each,', 'incoming', '2020-09-15 17:49:13', NULL, 0, 0),
(69, '', 7, '0000-00-00', 'No7 City Light Tinted Moisturiser SPF 15 Medium - 1.69oz Medium', 'incoming', '2020-09-15 17:49:13', NULL, 0, 0),
(70, '', 7, '0000-00-00', 'Eva NYC Mane Magic 10-in-1 Primer, 6 Oz', 'incoming', '2020-09-15 17:49:13', NULL, 0, 0),
(71, '', 7, '0000-00-00', 'No7 City Light Tinted Moisturiser SPF 15 Medium - 1.69oz Medium', 'incoming', '2020-09-15 17:49:13', NULL, 0, 0),
(72, '', 7, '0000-00-00', 'Nailtiques Formula 2 Plus, .25 Oz', 'incoming', '2020-09-15 17:49:13', NULL, 0, 0),
(73, '', 7, '0000-00-00', 'Earth Therapeutics Soft & Smooth Gentle Peeling Foot Mask', 'incoming', '2020-09-15 17:49:13', NULL, 0, 0),
(74, '', 7, '0000-00-00', 'Wormeze Feline Liquid Wormer for Cats & Kittens 4oz.', 'incoming', '2020-09-15 17:49:13', NULL, 0, 0),
(75, '', 7, '0000-00-00', 'Earthbath Natural Oatmeal & Aloe Itch Relief Dog & Cat Shampoo for Sensitive Skin 16 oz', 'incoming', '2020-09-15 17:49:13', NULL, 0, 0),
(76, '', 7, '0000-00-00', 'Multi-Surface Satin Acrylic Paint Value Pack by Craft Smart, 16 Colors, 2 oz.', 'incoming', '2020-09-15 17:49:13', NULL, 0, 0),
(77, '', 7, '0000-00-00', 'FURminator deShedding Shampoo for Dogs and Cats, 16 Ounces', 'incoming', '2020-09-15 17:49:13', NULL, 0, 0),
(78, '', 7, '0000-00-00', 'Buddy Wash Shampoo and Conditioner 16oz + Buddy Wash Spritz Lavender Mint Dog Grooming Bundle 4 Oz\n', 'incoming', '2020-09-15 17:49:13', NULL, 0, 0),
(79, '', 7, '0000-00-00', 'Cloud Star Buddy Wash Lavender and Mint, 16 Oz', 'incoming', '2020-09-15 17:49:13', NULL, 0, 0),
(80, '', 7, '0000-00-00', 'Duck Pack & Track Scannable Storage Labels, White', 'incoming', '2020-09-15 17:49:13', NULL, 0, 0),
(81, '', 7, '0000-00-00', 'L\'Oreal Paris Elvive - Dream Lengths - Restoring Shampoo  + L\'Oreal Paris Elvive Super Detangler Conditioner', 'incoming', '2020-09-15 17:49:13', NULL, 0, 0),
(82, '', 7, '0000-00-00', 'Powerade Mountain Berry Blast Powder Drink Mix, 5 Gallon Bag', 'incoming', '2020-09-15 17:49:13', NULL, 0, 0),
(83, '', 7, '0000-00-00', 'The Nubian Eye Palette', 'incoming', '2020-09-15 17:49:13', NULL, 0, 0),
(84, '', 7, '0000-00-00', 'Salon Care 20 Volume Creme Developer, 32oz', 'incoming', '2020-09-15 17:49:13', NULL, 0, 0),
(85, '', 7, '0000-00-00', 'Humphrey\'s Homeopathic Remedy Organic Witch Hazel -- 16 fl oz', 'incoming', '2020-09-15 17:49:13', NULL, 0, 0),
(86, '', 7, '0000-00-00', 'Harmon Face Values Bikini Disposable Shavers Razors, 3 Count Each,', 'incoming', '2020-09-15 17:53:45', NULL, 0, 0),
(87, '', 7, '0000-00-00', 'No7 City Light Tinted Moisturiser SPF 15 Medium - 1.69oz Medium', 'incoming', '2020-09-15 17:53:45', NULL, 0, 0),
(88, '', 7, '0000-00-00', 'Eva NYC Mane Magic 10-in-1 Primer, 6 Oz', 'incoming', '2020-09-15 17:53:45', NULL, 0, 0),
(89, '', 7, '0000-00-00', 'No7 City Light Tinted Moisturiser SPF 15 Medium - 1.69oz Medium', 'incoming', '2020-09-15 17:53:45', NULL, 0, 0),
(90, '', 7, '0000-00-00', 'Nailtiques Formula 2 Plus, .25 Oz', 'incoming', '2020-09-15 17:53:45', NULL, 0, 0),
(91, '', 7, '0000-00-00', 'Earth Therapeutics Soft & Smooth Gentle Peeling Foot Mask', 'incoming', '2020-09-15 17:53:45', NULL, 0, 0),
(92, '', 7, '0000-00-00', 'Wormeze Feline Liquid Wormer for Cats & Kittens 4oz.', 'incoming', '2020-09-15 17:53:45', NULL, 0, 0),
(93, '', 7, '0000-00-00', 'Earthbath Natural Oatmeal & Aloe Itch Relief Dog & Cat Shampoo for Sensitive Skin 16 oz', 'incoming', '2020-09-15 17:53:45', NULL, 0, 0),
(94, '', 7, '0000-00-00', 'Multi-Surface Satin Acrylic Paint Value Pack by Craft Smart, 16 Colors, 2 oz.', 'incoming', '2020-09-15 17:53:45', NULL, 0, 0),
(95, '', 7, '0000-00-00', 'FURminator deShedding Shampoo for Dogs and Cats, 16 Ounces', 'incoming', '2020-09-15 17:53:45', NULL, 0, 0),
(96, '', 7, '0000-00-00', 'Buddy Wash Shampoo and Conditioner 16oz + Buddy Wash Spritz Lavender Mint Dog Grooming Bundle 4 Oz\n', 'incoming', '2020-09-15 17:53:45', NULL, 0, 0),
(97, '', 7, '0000-00-00', 'Cloud Star Buddy Wash Lavender and Mint, 16 Oz', 'incoming', '2020-09-15 17:53:45', NULL, 0, 0),
(98, '', 7, '0000-00-00', 'Duck Pack & Track Scannable Storage Labels, White', 'incoming', '2020-09-15 17:53:45', NULL, 0, 0),
(99, '', 7, '0000-00-00', 'L\'Oreal Paris Elvive - Dream Lengths - Restoring Shampoo  + L\'Oreal Paris Elvive Super Detangler Conditioner', 'incoming', '2020-09-15 17:53:45', NULL, 0, 0),
(100, '', 7, '0000-00-00', 'Powerade Mountain Berry Blast Powder Drink Mix, 5 Gallon Bag', 'incoming', '2020-09-15 17:53:45', NULL, 0, 0),
(101, '', 7, '0000-00-00', 'The Nubian Eye Palette', 'incoming', '2020-09-15 17:53:45', NULL, 0, 0),
(102, '', 7, '0000-00-00', 'Salon Care 20 Volume Creme Developer, 32oz', 'incoming', '2020-09-15 17:53:45', NULL, 0, 0),
(103, '', 7, '0000-00-00', 'Humphrey\'s Homeopathic Remedy Organic Witch Hazel -- 16 fl oz', 'incoming', '2020-09-15 17:53:45', NULL, 0, 0),
(104, '', 7, '0000-00-00', 'Harmon Face Values Bikini Disposable Shavers Razors, 3 Count Each,', 'incoming', '2020-09-15 17:54:54', NULL, 0, 0),
(105, '', 7, '0000-00-00', 'Harmon Face Values Bikini Disposable Shavers Razors, 3 Count Each,', 'incoming', '2020-09-15 17:55:39', NULL, 0, 0),
(106, '', 7, '0000-00-00', 'Harmon Face Values Bikini Disposable Shavers Razors, 3 Count Each,', 'incoming', '2020-09-15 17:56:02', NULL, 0, 0),
(107, '', 7, '0000-00-00', 'Harmon Face Values Bikini Disposable Shavers Razors, 3 Count Each,', 'incoming', '2020-09-15 17:56:23', NULL, 0, 0),
(108, '', 7, '0000-00-00', 'Harmon Face Values Bikini Disposable Shavers Razors, 3 Count Each,', 'incoming', '2020-09-15 17:57:00', NULL, 0, 0),
(109, '', 7, '0000-00-00', 'Harmon Face Values Bikini Disposable Shavers Razors, 3 Count Each,', 'incoming', '2020-09-15 17:59:10', NULL, 0, 0),
(110, '', 7, '0000-00-00', 'No7 City Light Tinted Moisturiser SPF 15 Medium - 1.69oz Medium', 'incoming', '2020-09-15 17:59:10', NULL, 0, 0),
(111, '', 7, '0000-00-00', 'Eva NYC Mane Magic 10-in-1 Primer, 6 Oz', 'incoming', '2020-09-15 17:59:10', NULL, 0, 0),
(112, '', 7, '0000-00-00', 'No7 City Light Tinted Moisturiser SPF 15 Medium - 1.69oz Medium', 'incoming', '2020-09-15 17:59:10', NULL, 0, 0),
(113, '', 7, '0000-00-00', 'Nailtiques Formula 2 Plus, .25 Oz', 'incoming', '2020-09-15 17:59:10', NULL, 0, 0),
(114, '', 7, '0000-00-00', 'Earth Therapeutics Soft & Smooth Gentle Peeling Foot Mask', 'incoming', '2020-09-15 17:59:10', NULL, 0, 0),
(115, '', 7, '0000-00-00', 'Wormeze Feline Liquid Wormer for Cats & Kittens 4oz.', 'incoming', '2020-09-15 17:59:10', NULL, 0, 0),
(116, '', 7, '0000-00-00', 'Earthbath Natural Oatmeal & Aloe Itch Relief Dog & Cat Shampoo for Sensitive Skin 16 oz', 'incoming', '2020-09-15 17:59:10', NULL, 0, 0),
(117, '', 7, '0000-00-00', 'Multi-Surface Satin Acrylic Paint Value Pack by Craft Smart, 16 Colors, 2 oz.', 'incoming', '2020-09-15 17:59:10', NULL, 0, 0),
(118, '', 7, '0000-00-00', 'FURminator deShedding Shampoo for Dogs and Cats, 16 Ounces', 'incoming', '2020-09-15 17:59:10', NULL, 0, 0),
(119, '', 7, '0000-00-00', 'Buddy Wash Shampoo and Conditioner 16oz + Buddy Wash Spritz Lavender Mint Dog Grooming Bundle 4 Oz\n', 'incoming', '2020-09-15 17:59:10', NULL, 0, 0),
(120, '', 7, '0000-00-00', 'Cloud Star Buddy Wash Lavender and Mint, 16 Oz', 'incoming', '2020-09-15 17:59:10', NULL, 0, 0),
(121, '', 7, '0000-00-00', 'Duck Pack & Track Scannable Storage Labels, White', 'incoming', '2020-09-15 17:59:10', NULL, 0, 0),
(122, '', 7, '0000-00-00', 'L\'Oreal Paris Elvive - Dream Lengths - Restoring Shampoo  + L\'Oreal Paris Elvive Super Detangler Conditioner', 'incoming', '2020-09-15 17:59:10', NULL, 0, 0),
(123, '', 7, '0000-00-00', 'Powerade Mountain Berry Blast Powder Drink Mix, 5 Gallon Bag', 'incoming', '2020-09-15 17:59:10', NULL, 0, 0),
(124, '', 7, '0000-00-00', 'The Nubian Eye Palette', 'incoming', '2020-09-15 17:59:10', NULL, 0, 0),
(125, '', 7, '0000-00-00', 'Salon Care 20 Volume Creme Developer, 32oz', 'incoming', '2020-09-15 17:59:10', NULL, 0, 0),
(126, '', 7, '0000-00-00', 'Humphrey\'s Homeopathic Remedy Organic Witch Hazel -- 16 fl oz', 'incoming', '2020-09-15 17:59:10', NULL, 0, 0),
(127, '', 7, '0000-00-00', 'Harmon Face Values Bikini Disposable Shavers Razors, 3 Count Each,', 'incoming', '2020-09-15 18:01:59', NULL, 0, 0),
(128, '', 7, '0000-00-00', 'No7 City Light Tinted Moisturiser SPF 15 Medium - 1.69oz Medium', 'incoming', '2020-09-15 18:01:59', NULL, 0, 0),
(129, '', 7, '0000-00-00', 'Eva NYC Mane Magic 10-in-1 Primer, 6 Oz', 'incoming', '2020-09-15 18:01:59', NULL, 0, 0),
(130, '', 7, '0000-00-00', 'No7 City Light Tinted Moisturiser SPF 15 Medium - 1.69oz Medium', 'incoming', '2020-09-15 18:01:59', NULL, 0, 0),
(131, '', 7, '0000-00-00', 'Nailtiques Formula 2 Plus, .25 Oz', 'incoming', '2020-09-15 18:01:59', NULL, 0, 0),
(132, '', 7, '0000-00-00', 'Earth Therapeutics Soft & Smooth Gentle Peeling Foot Mask', 'incoming', '2020-09-15 18:01:59', NULL, 0, 0),
(133, '', 7, '0000-00-00', 'Wormeze Feline Liquid Wormer for Cats & Kittens 4oz.', 'incoming', '2020-09-15 18:01:59', NULL, 0, 0),
(134, '', 7, '0000-00-00', 'Earthbath Natural Oatmeal & Aloe Itch Relief Dog & Cat Shampoo for Sensitive Skin 16 oz', 'incoming', '2020-09-15 18:01:59', NULL, 0, 0),
(135, '', 7, '0000-00-00', 'Multi-Surface Satin Acrylic Paint Value Pack by Craft Smart, 16 Colors, 2 oz.', 'incoming', '2020-09-15 18:01:59', NULL, 0, 0),
(136, '', 7, '0000-00-00', 'FURminator deShedding Shampoo for Dogs and Cats, 16 Ounces', 'incoming', '2020-09-15 18:01:59', NULL, 0, 0),
(137, '', 7, '0000-00-00', 'Buddy Wash Shampoo and Conditioner 16oz + Buddy Wash Spritz Lavender Mint Dog Grooming Bundle 4 Oz\n', 'incoming', '2020-09-15 18:01:59', NULL, 0, 0),
(138, '', 7, '0000-00-00', 'Cloud Star Buddy Wash Lavender and Mint, 16 Oz', 'incoming', '2020-09-15 18:01:59', NULL, 0, 0),
(139, '', 7, '0000-00-00', 'Duck Pack & Track Scannable Storage Labels, White', 'incoming', '2020-09-15 18:01:59', NULL, 0, 0),
(140, '', 7, '0000-00-00', 'L\'Oreal Paris Elvive - Dream Lengths - Restoring Shampoo  + L\'Oreal Paris Elvive Super Detangler Conditioner', 'incoming', '2020-09-15 18:01:59', NULL, 0, 0),
(141, '', 7, '0000-00-00', 'Powerade Mountain Berry Blast Powder Drink Mix, 5 Gallon Bag', 'incoming', '2020-09-15 18:01:59', NULL, 0, 0),
(142, '', 7, '0000-00-00', 'The Nubian Eye Palette', 'incoming', '2020-09-15 18:01:59', NULL, 0, 0),
(143, '', 7, '0000-00-00', 'Salon Care 20 Volume Creme Developer, 32oz', 'incoming', '2020-09-15 18:01:59', NULL, 0, 0),
(144, '', 7, '0000-00-00', 'Humphrey\'s Homeopathic Remedy Organic Witch Hazel -- 16 fl oz', 'incoming', '2020-09-15 18:01:59', NULL, 0, 0),
(145, '', 7, '0000-00-00', 'Harmon Face Values Bikini Disposable Shavers Razors, 3 Count Each,', 'incoming', '2020-09-15 18:02:57', NULL, 0, 0),
(146, '', 7, '0000-00-00', 'No7 City Light Tinted Moisturiser SPF 15 Medium - 1.69oz Medium', 'incoming', '2020-09-15 18:02:57', NULL, 0, 0),
(147, '', 7, '0000-00-00', 'Eva NYC Mane Magic 10-in-1 Primer, 6 Oz', 'incoming', '2020-09-15 18:02:57', NULL, 0, 0),
(148, '', 7, '0000-00-00', 'No7 City Light Tinted Moisturiser SPF 15 Medium - 1.69oz Medium', 'incoming', '2020-09-15 18:02:57', NULL, 0, 0),
(149, '', 7, '0000-00-00', 'Nailtiques Formula 2 Plus, .25 Oz', 'incoming', '2020-09-15 18:02:57', NULL, 0, 0),
(150, '', 7, '0000-00-00', 'Earth Therapeutics Soft & Smooth Gentle Peeling Foot Mask', 'incoming', '2020-09-15 18:02:57', NULL, 0, 0),
(151, '', 7, '0000-00-00', 'Wormeze Feline Liquid Wormer for Cats & Kittens 4oz.', 'incoming', '2020-09-15 18:02:57', NULL, 0, 0),
(152, '', 7, '0000-00-00', 'Earthbath Natural Oatmeal & Aloe Itch Relief Dog & Cat Shampoo for Sensitive Skin 16 oz', 'incoming', '2020-09-15 18:02:57', NULL, 0, 0),
(153, '', 7, '0000-00-00', 'Multi-Surface Satin Acrylic Paint Value Pack by Craft Smart, 16 Colors, 2 oz.', 'incoming', '2020-09-15 18:02:57', NULL, 0, 0),
(154, '', 7, '0000-00-00', 'FURminator deShedding Shampoo for Dogs and Cats, 16 Ounces', 'incoming', '2020-09-15 18:02:57', NULL, 0, 0),
(155, '', 7, '0000-00-00', 'Buddy Wash Shampoo and Conditioner 16oz + Buddy Wash Spritz Lavender Mint Dog Grooming Bundle 4 Oz\n', 'incoming', '2020-09-15 18:02:57', NULL, 0, 0),
(156, '', 7, '0000-00-00', 'Cloud Star Buddy Wash Lavender and Mint, 16 Oz', 'incoming', '2020-09-15 18:02:57', NULL, 0, 0),
(157, '', 7, '0000-00-00', 'Duck Pack & Track Scannable Storage Labels, White', 'incoming', '2020-09-15 18:02:57', NULL, 0, 0),
(158, '', 7, '0000-00-00', 'L\'Oreal Paris Elvive - Dream Lengths - Restoring Shampoo  + L\'Oreal Paris Elvive Super Detangler Conditioner', 'incoming', '2020-09-15 18:02:57', NULL, 0, 0),
(159, '', 7, '0000-00-00', 'Powerade Mountain Berry Blast Powder Drink Mix, 5 Gallon Bag', 'incoming', '2020-09-15 18:02:57', NULL, 0, 0),
(160, '', 7, '0000-00-00', 'The Nubian Eye Palette', 'incoming', '2020-09-15 18:02:57', NULL, 0, 0),
(161, '', 7, '0000-00-00', 'Salon Care 20 Volume Creme Developer, 32oz', 'incoming', '2020-09-15 18:02:57', NULL, 0, 0),
(162, '', 7, '0000-00-00', 'Humphrey\'s Homeopathic Remedy Organic Witch Hazel -- 16 fl oz', 'incoming', '2020-09-15 18:02:57', NULL, 0, 0),
(163, '', 7, '0000-00-00', 'Harmon Face Values Bikini Disposable Shavers Razors, 3 Count Each,', 'incoming', '2020-09-15 18:03:33', NULL, 0, 0),
(164, '', 7, '0000-00-00', 'No7 City Light Tinted Moisturiser SPF 15 Medium - 1.69oz Medium', 'incoming', '2020-09-15 18:03:33', NULL, 0, 0),
(165, '', 7, '0000-00-00', 'Eva NYC Mane Magic 10-in-1 Primer, 6 Oz', 'incoming', '2020-09-15 18:03:33', NULL, 0, 0),
(166, '', 7, '0000-00-00', 'No7 City Light Tinted Moisturiser SPF 15 Medium - 1.69oz Medium', 'incoming', '2020-09-15 18:03:33', NULL, 0, 0),
(167, '', 7, '0000-00-00', 'Nailtiques Formula 2 Plus, .25 Oz', 'incoming', '2020-09-15 18:03:33', NULL, 0, 0),
(168, '', 7, '0000-00-00', 'Earth Therapeutics Soft & Smooth Gentle Peeling Foot Mask', 'incoming', '2020-09-15 18:03:33', NULL, 0, 0),
(169, '', 7, '0000-00-00', 'Wormeze Feline Liquid Wormer for Cats & Kittens 4oz.', 'incoming', '2020-09-15 18:03:33', NULL, 0, 0),
(170, '', 7, '0000-00-00', 'Earthbath Natural Oatmeal & Aloe Itch Relief Dog & Cat Shampoo for Sensitive Skin 16 oz', 'incoming', '2020-09-15 18:03:33', NULL, 0, 0),
(171, '', 7, '0000-00-00', 'Multi-Surface Satin Acrylic Paint Value Pack by Craft Smart, 16 Colors, 2 oz.', 'incoming', '2020-09-15 18:03:33', NULL, 0, 0),
(172, '', 7, '0000-00-00', 'FURminator deShedding Shampoo for Dogs and Cats, 16 Ounces', 'incoming', '2020-09-15 18:03:33', NULL, 0, 0),
(173, '', 7, '0000-00-00', 'Buddy Wash Shampoo and Conditioner 16oz + Buddy Wash Spritz Lavender Mint Dog Grooming Bundle 4 Oz\n', 'incoming', '2020-09-15 18:03:33', NULL, 0, 0),
(174, '', 7, '0000-00-00', 'Cloud Star Buddy Wash Lavender and Mint, 16 Oz', 'incoming', '2020-09-15 18:03:33', NULL, 0, 0),
(175, '', 7, '0000-00-00', 'Duck Pack & Track Scannable Storage Labels, White', 'incoming', '2020-09-15 18:03:33', NULL, 0, 0),
(176, '', 7, '0000-00-00', 'L\'Oreal Paris Elvive - Dream Lengths - Restoring Shampoo  + L\'Oreal Paris Elvive Super Detangler Conditioner', 'incoming', '2020-09-15 18:03:33', NULL, 0, 0),
(177, '', 7, '0000-00-00', 'Powerade Mountain Berry Blast Powder Drink Mix, 5 Gallon Bag', 'incoming', '2020-09-15 18:03:33', NULL, 0, 0),
(178, '', 7, '0000-00-00', 'The Nubian Eye Palette', 'incoming', '2020-09-15 18:03:33', NULL, 0, 0),
(179, '', 7, '0000-00-00', 'Salon Care 20 Volume Creme Developer, 32oz', 'incoming', '2020-09-15 18:03:33', NULL, 0, 0),
(180, '', 7, '0000-00-00', 'Humphrey\'s Homeopathic Remedy Organic Witch Hazel -- 16 fl oz', 'incoming', '2020-09-15 18:03:33', NULL, 0, 0),
(181, '', 7, '0000-00-00', 'Harmon Face Values Bikini Disposable Shavers Razors, 3 Count Each,', 'incoming', '2020-09-15 18:04:00', NULL, 0, 0),
(182, '', 7, '0000-00-00', 'No7 City Light Tinted Moisturiser SPF 15 Medium - 1.69oz Medium', 'incoming', '2020-09-15 18:04:00', NULL, 0, 0),
(183, '', 7, '0000-00-00', 'Eva NYC Mane Magic 10-in-1 Primer, 6 Oz', 'incoming', '2020-09-15 18:04:00', NULL, 0, 0),
(184, '', 7, '0000-00-00', 'No7 City Light Tinted Moisturiser SPF 15 Medium - 1.69oz Medium', 'incoming', '2020-09-15 18:04:00', NULL, 0, 0),
(185, '', 7, '0000-00-00', 'Nailtiques Formula 2 Plus, .25 Oz', 'incoming', '2020-09-15 18:04:00', NULL, 0, 0),
(186, '', 7, '0000-00-00', 'Earth Therapeutics Soft & Smooth Gentle Peeling Foot Mask', 'incoming', '2020-09-15 18:04:00', NULL, 0, 0),
(187, '', 7, '0000-00-00', 'Wormeze Feline Liquid Wormer for Cats & Kittens 4oz.', 'incoming', '2020-09-15 18:04:00', NULL, 0, 0),
(188, '', 7, '0000-00-00', 'Earthbath Natural Oatmeal & Aloe Itch Relief Dog & Cat Shampoo for Sensitive Skin 16 oz', 'incoming', '2020-09-15 18:04:00', NULL, 0, 0),
(189, '', 7, '0000-00-00', 'Multi-Surface Satin Acrylic Paint Value Pack by Craft Smart, 16 Colors, 2 oz.', 'incoming', '2020-09-15 18:04:00', NULL, 0, 0),
(190, '', 7, '0000-00-00', 'FURminator deShedding Shampoo for Dogs and Cats, 16 Ounces', 'incoming', '2020-09-15 18:04:00', NULL, 0, 0),
(191, '', 7, '0000-00-00', 'Buddy Wash Shampoo and Conditioner 16oz + Buddy Wash Spritz Lavender Mint Dog Grooming Bundle 4 Oz\n', 'incoming', '2020-09-15 18:04:00', NULL, 0, 0),
(192, '', 7, '0000-00-00', 'Cloud Star Buddy Wash Lavender and Mint, 16 Oz', 'incoming', '2020-09-15 18:04:00', NULL, 0, 0),
(193, '', 7, '0000-00-00', 'Duck Pack & Track Scannable Storage Labels, White', 'incoming', '2020-09-15 18:04:00', NULL, 0, 0),
(194, '', 7, '0000-00-00', 'L\'Oreal Paris Elvive - Dream Lengths - Restoring Shampoo  + L\'Oreal Paris Elvive Super Detangler Conditioner', 'incoming', '2020-09-15 18:04:00', NULL, 0, 0),
(195, '', 7, '0000-00-00', 'Powerade Mountain Berry Blast Powder Drink Mix, 5 Gallon Bag', 'incoming', '2020-09-15 18:04:00', NULL, 0, 0),
(196, '', 7, '0000-00-00', 'The Nubian Eye Palette', 'incoming', '2020-09-15 18:04:00', NULL, 0, 0),
(197, '', 7, '0000-00-00', 'Salon Care 20 Volume Creme Developer, 32oz', 'incoming', '2020-09-15 18:04:00', NULL, 0, 0),
(198, '', 7, '0000-00-00', 'Humphrey\'s Homeopathic Remedy Organic Witch Hazel -- 16 fl oz', 'incoming', '2020-09-15 18:04:00', NULL, 0, 0),
(199, '', 7, '0000-00-00', 'Harmon Face Values Bikini Disposable Shavers Razors, 3 Count Each,', 'incoming', '2020-09-15 18:06:07', NULL, 0, 0),
(200, '', 7, '0000-00-00', 'No7 City Light Tinted Moisturiser SPF 15 Medium - 1.69oz Medium', 'incoming', '2020-09-15 18:06:07', NULL, 0, 0),
(201, '', 7, '0000-00-00', 'Eva NYC Mane Magic 10-in-1 Primer, 6 Oz', 'incoming', '2020-09-15 18:06:07', NULL, 0, 0),
(202, '', 7, '0000-00-00', 'No7 City Light Tinted Moisturiser SPF 15 Medium - 1.69oz Medium', 'incoming', '2020-09-15 18:06:07', NULL, 0, 0),
(203, '', 7, '0000-00-00', 'Nailtiques Formula 2 Plus, .25 Oz', 'incoming', '2020-09-15 18:06:07', NULL, 0, 0),
(204, '', 7, '0000-00-00', 'Earth Therapeutics Soft & Smooth Gentle Peeling Foot Mask', 'incoming', '2020-09-15 18:06:07', NULL, 0, 0),
(205, '', 7, '0000-00-00', 'Wormeze Feline Liquid Wormer for Cats & Kittens 4oz.', 'incoming', '2020-09-15 18:06:07', NULL, 0, 0),
(206, '', 7, '0000-00-00', 'Earthbath Natural Oatmeal & Aloe Itch Relief Dog & Cat Shampoo for Sensitive Skin 16 oz', 'incoming', '2020-09-15 18:06:07', NULL, 0, 0),
(207, '', 7, '0000-00-00', 'Multi-Surface Satin Acrylic Paint Value Pack by Craft Smart, 16 Colors, 2 oz.', 'incoming', '2020-09-15 18:06:07', NULL, 0, 0),
(208, '', 7, '0000-00-00', 'FURminator deShedding Shampoo for Dogs and Cats, 16 Ounces', 'incoming', '2020-09-15 18:06:07', NULL, 0, 0),
(209, '', 7, '0000-00-00', 'Buddy Wash Shampoo and Conditioner 16oz + Buddy Wash Spritz Lavender Mint Dog Grooming Bundle 4 Oz\n', 'incoming', '2020-09-15 18:06:07', NULL, 0, 0),
(210, '', 7, '0000-00-00', 'Cloud Star Buddy Wash Lavender and Mint, 16 Oz', 'incoming', '2020-09-15 18:06:07', NULL, 0, 0),
(211, '', 7, '0000-00-00', 'Duck Pack & Track Scannable Storage Labels, White', 'incoming', '2020-09-15 18:06:07', NULL, 0, 0),
(212, '', 7, '0000-00-00', 'L\'Oreal Paris Elvive - Dream Lengths - Restoring Shampoo  + L\'Oreal Paris Elvive Super Detangler Conditioner', 'incoming', '2020-09-15 18:06:07', NULL, 0, 0),
(213, '', 7, '0000-00-00', 'Powerade Mountain Berry Blast Powder Drink Mix, 5 Gallon Bag', 'incoming', '2020-09-15 18:06:07', NULL, 0, 0),
(214, '', 7, '0000-00-00', 'The Nubian Eye Palette', 'incoming', '2020-09-15 18:06:07', NULL, 0, 0),
(215, '', 7, '0000-00-00', 'Salon Care 20 Volume Creme Developer, 32oz', 'incoming', '2020-09-15 18:06:07', NULL, 0, 0),
(216, '', 7, '0000-00-00', 'Humphrey\'s Homeopathic Remedy Organic Witch Hazel -- 16 fl oz', 'incoming', '2020-09-15 18:06:07', NULL, 0, 0),
(217, '', 7, '0000-00-00', 'Harmon Face Values Bikini Disposable Shavers Razors, 3 Count Each,', 'incoming', '2020-09-15 18:07:07', NULL, 0, 0),
(218, '', 7, '0000-00-00', 'No7 City Light Tinted Moisturiser SPF 15 Medium - 1.69oz Medium', 'incoming', '2020-09-15 18:07:07', NULL, 0, 0),
(219, '', 7, '0000-00-00', 'Eva NYC Mane Magic 10-in-1 Primer, 6 Oz', 'incoming', '2020-09-15 18:07:07', NULL, 0, 0),
(220, '', 7, '0000-00-00', 'No7 City Light Tinted Moisturiser SPF 15 Medium - 1.69oz Medium', 'incoming', '2020-09-15 18:07:07', NULL, 0, 0),
(221, '', 7, '0000-00-00', 'Nailtiques Formula 2 Plus, .25 Oz', 'incoming', '2020-09-15 18:07:07', NULL, 0, 0),
(222, '', 7, '0000-00-00', 'Earth Therapeutics Soft & Smooth Gentle Peeling Foot Mask', 'incoming', '2020-09-15 18:07:07', NULL, 0, 0),
(223, '', 7, '0000-00-00', 'Wormeze Feline Liquid Wormer for Cats & Kittens 4oz.', 'incoming', '2020-09-15 18:07:07', NULL, 0, 0),
(224, '', 7, '0000-00-00', 'Earthbath Natural Oatmeal & Aloe Itch Relief Dog & Cat Shampoo for Sensitive Skin 16 oz', 'incoming', '2020-09-15 18:07:07', NULL, 0, 0),
(225, '', 7, '0000-00-00', 'Multi-Surface Satin Acrylic Paint Value Pack by Craft Smart, 16 Colors, 2 oz.', 'incoming', '2020-09-15 18:07:07', NULL, 0, 0),
(226, '', 7, '0000-00-00', 'FURminator deShedding Shampoo for Dogs and Cats, 16 Ounces', 'incoming', '2020-09-15 18:07:07', NULL, 0, 0),
(227, '', 7, '0000-00-00', 'Buddy Wash Shampoo and Conditioner 16oz + Buddy Wash Spritz Lavender Mint Dog Grooming Bundle 4 Oz\n', 'incoming', '2020-09-15 18:07:07', NULL, 0, 0),
(228, '', 7, '0000-00-00', 'Cloud Star Buddy Wash Lavender and Mint, 16 Oz', 'incoming', '2020-09-15 18:07:07', NULL, 0, 0),
(229, '', 7, '0000-00-00', 'Duck Pack & Track Scannable Storage Labels, White', 'incoming', '2020-09-15 18:07:07', NULL, 0, 0),
(230, '', 7, '0000-00-00', 'L\'Oreal Paris Elvive - Dream Lengths - Restoring Shampoo  + L\'Oreal Paris Elvive Super Detangler Conditioner', 'incoming', '2020-09-15 18:07:07', NULL, 0, 0),
(231, '', 7, '0000-00-00', 'Powerade Mountain Berry Blast Powder Drink Mix, 5 Gallon Bag', 'incoming', '2020-09-15 18:07:07', NULL, 0, 0),
(232, '', 7, '0000-00-00', 'The Nubian Eye Palette', 'incoming', '2020-09-15 18:07:07', NULL, 0, 0),
(233, '', 7, '0000-00-00', 'Salon Care 20 Volume Creme Developer, 32oz', 'incoming', '2020-09-15 18:07:07', NULL, 0, 0),
(234, '', 7, '0000-00-00', 'Humphrey\'s Homeopathic Remedy Organic Witch Hazel -- 16 fl oz', 'incoming', '2020-09-15 18:07:07', NULL, 0, 0),
(235, '', 7, '0000-00-00', 'Harmon Face Values Bikini Disposable Shavers Razors, 3 Count Each,', 'incoming', '2020-09-15 18:08:31', NULL, 0, 0),
(236, '', 7, '0000-00-00', 'No7 City Light Tinted Moisturiser SPF 15 Medium - 1.69oz Medium', 'incoming', '2020-09-15 18:08:31', NULL, 0, 0),
(237, '', 7, '0000-00-00', 'Eva NYC Mane Magic 10-in-1 Primer, 6 Oz', 'incoming', '2020-09-15 18:08:31', NULL, 0, 0),
(238, '', 7, '0000-00-00', 'No7 City Light Tinted Moisturiser SPF 15 Medium - 1.69oz Medium', 'incoming', '2020-09-15 18:08:31', NULL, 0, 0),
(239, '', 7, '0000-00-00', 'Nailtiques Formula 2 Plus, .25 Oz', 'incoming', '2020-09-15 18:08:31', NULL, 0, 0),
(240, '', 7, '0000-00-00', 'Earth Therapeutics Soft & Smooth Gentle Peeling Foot Mask', 'incoming', '2020-09-15 18:08:31', NULL, 0, 0),
(241, '', 7, '0000-00-00', 'Wormeze Feline Liquid Wormer for Cats & Kittens 4oz.', 'incoming', '2020-09-15 18:08:31', NULL, 0, 0),
(242, '', 7, '0000-00-00', 'Earthbath Natural Oatmeal & Aloe Itch Relief Dog & Cat Shampoo for Sensitive Skin 16 oz', 'incoming', '2020-09-15 18:08:31', NULL, 0, 0),
(243, '', 7, '0000-00-00', 'Multi-Surface Satin Acrylic Paint Value Pack by Craft Smart, 16 Colors, 2 oz.', 'incoming', '2020-09-15 18:08:31', NULL, 0, 0),
(244, '', 7, '0000-00-00', 'FURminator deShedding Shampoo for Dogs and Cats, 16 Ounces', 'incoming', '2020-09-15 18:08:31', NULL, 0, 0),
(245, '', 7, '0000-00-00', 'Buddy Wash Shampoo and Conditioner 16oz + Buddy Wash Spritz Lavender Mint Dog Grooming Bundle 4 Oz\n', 'incoming', '2020-09-15 18:08:31', NULL, 0, 0),
(246, '', 7, '0000-00-00', 'Cloud Star Buddy Wash Lavender and Mint, 16 Oz', 'incoming', '2020-09-15 18:08:31', NULL, 0, 0),
(247, '', 7, '0000-00-00', 'Duck Pack & Track Scannable Storage Labels, White', 'incoming', '2020-09-15 18:08:31', NULL, 0, 0),
(248, '', 7, '0000-00-00', 'L\'Oreal Paris Elvive - Dream Lengths - Restoring Shampoo  + L\'Oreal Paris Elvive Super Detangler Conditioner', 'incoming', '2020-09-15 18:08:31', NULL, 0, 0),
(249, '', 7, '0000-00-00', 'Powerade Mountain Berry Blast Powder Drink Mix, 5 Gallon Bag', 'incoming', '2020-09-15 18:08:31', NULL, 0, 0),
(250, '', 7, '0000-00-00', 'The Nubian Eye Palette', 'incoming', '2020-09-15 18:08:31', NULL, 0, 0),
(251, '', 7, '0000-00-00', 'Salon Care 20 Volume Creme Developer, 32oz', 'incoming', '2020-09-15 18:08:31', NULL, 0, 0),
(252, '', 7, '0000-00-00', 'Humphrey\'s Homeopathic Remedy Organic Witch Hazel -- 16 fl oz', 'incoming', '2020-09-15 18:08:31', NULL, 0, 0),
(253, '', 7, '0000-00-00', 'Harmon Face Values Bikini Disposable Shavers Razors, 3 Count Each,', 'incoming', '2020-09-15 18:09:42', NULL, 0, 0),
(254, '', 7, '0000-00-00', 'No7 City Light Tinted Moisturiser SPF 15 Medium - 1.69oz Medium', 'incoming', '2020-09-15 18:09:42', NULL, 0, 0),
(255, '', 7, '0000-00-00', 'Eva NYC Mane Magic 10-in-1 Primer, 6 Oz', 'incoming', '2020-09-15 18:09:42', NULL, 0, 0),
(256, '', 7, '0000-00-00', 'No7 City Light Tinted Moisturiser SPF 15 Medium - 1.69oz Medium', 'incoming', '2020-09-15 18:09:42', NULL, 0, 0),
(257, '', 7, '0000-00-00', 'Nailtiques Formula 2 Plus, .25 Oz', 'incoming', '2020-09-15 18:09:42', NULL, 0, 0),
(258, '', 7, '0000-00-00', 'Earth Therapeutics Soft & Smooth Gentle Peeling Foot Mask', 'incoming', '2020-09-15 18:09:42', NULL, 0, 0),
(259, '', 7, '0000-00-00', 'Wormeze Feline Liquid Wormer for Cats & Kittens 4oz.', 'incoming', '2020-09-15 18:09:42', NULL, 0, 0),
(260, '', 7, '0000-00-00', 'Earthbath Natural Oatmeal & Aloe Itch Relief Dog & Cat Shampoo for Sensitive Skin 16 oz', 'incoming', '2020-09-15 18:09:42', NULL, 0, 0),
(261, '', 7, '0000-00-00', 'Multi-Surface Satin Acrylic Paint Value Pack by Craft Smart, 16 Colors, 2 oz.', 'incoming', '2020-09-15 18:09:42', NULL, 0, 0),
(262, '', 7, '0000-00-00', 'FURminator deShedding Shampoo for Dogs and Cats, 16 Ounces', 'incoming', '2020-09-15 18:09:42', NULL, 0, 0),
(263, '', 7, '0000-00-00', 'Buddy Wash Shampoo and Conditioner 16oz + Buddy Wash Spritz Lavender Mint Dog Grooming Bundle 4 Oz\n', 'incoming', '2020-09-15 18:09:42', NULL, 0, 0),
(264, '', 7, '0000-00-00', 'Cloud Star Buddy Wash Lavender and Mint, 16 Oz', 'incoming', '2020-09-15 18:09:42', NULL, 0, 0),
(265, '', 7, '0000-00-00', 'Duck Pack & Track Scannable Storage Labels, White', 'incoming', '2020-09-15 18:09:42', NULL, 0, 0),
(266, '', 7, '0000-00-00', 'L\'Oreal Paris Elvive - Dream Lengths - Restoring Shampoo  + L\'Oreal Paris Elvive Super Detangler Conditioner', 'incoming', '2020-09-15 18:09:42', NULL, 0, 0),
(267, '', 7, '0000-00-00', 'Powerade Mountain Berry Blast Powder Drink Mix, 5 Gallon Bag', 'incoming', '2020-09-15 18:09:42', NULL, 0, 0),
(268, '', 7, '0000-00-00', 'The Nubian Eye Palette', 'incoming', '2020-09-15 18:09:42', NULL, 0, 0),
(269, '', 7, '0000-00-00', 'Salon Care 20 Volume Creme Developer, 32oz', 'incoming', '2020-09-15 18:09:42', NULL, 0, 0),
(270, '', 7, '0000-00-00', 'Humphrey\'s Homeopathic Remedy Organic Witch Hazel -- 16 fl oz', 'incoming', '2020-09-15 18:09:42', NULL, 0, 0),
(271, '', 7, '0000-00-00', 'Harmon Face Values Bikini Disposable Shavers Razors, 3 Count Each,', 'incoming', '2020-09-15 18:11:13', NULL, 0, 0),
(272, '', 7, '0000-00-00', 'No7 City Light Tinted Moisturiser SPF 15 Medium - 1.69oz Medium', 'incoming', '2020-09-15 18:11:13', NULL, 0, 0),
(273, '', 7, '0000-00-00', 'Eva NYC Mane Magic 10-in-1 Primer, 6 Oz', 'incoming', '2020-09-15 18:11:13', NULL, 0, 0),
(274, '', 7, '0000-00-00', 'No7 City Light Tinted Moisturiser SPF 15 Medium - 1.69oz Medium', 'incoming', '2020-09-15 18:11:13', NULL, 0, 0),
(275, '', 7, '0000-00-00', 'Nailtiques Formula 2 Plus, .25 Oz', 'incoming', '2020-09-15 18:11:13', NULL, 0, 0),
(276, '', 7, '0000-00-00', 'Earth Therapeutics Soft & Smooth Gentle Peeling Foot Mask', 'incoming', '2020-09-15 18:11:13', NULL, 0, 0),
(277, '', 7, '0000-00-00', 'Wormeze Feline Liquid Wormer for Cats & Kittens 4oz.', 'incoming', '2020-09-15 18:11:13', NULL, 0, 0),
(278, '', 7, '0000-00-00', 'Earthbath Natural Oatmeal & Aloe Itch Relief Dog & Cat Shampoo for Sensitive Skin 16 oz', 'incoming', '2020-09-15 18:11:13', NULL, 0, 0),
(279, '', 7, '0000-00-00', 'Multi-Surface Satin Acrylic Paint Value Pack by Craft Smart, 16 Colors, 2 oz.', 'incoming', '2020-09-15 18:11:13', NULL, 0, 0),
(280, '', 7, '0000-00-00', 'FURminator deShedding Shampoo for Dogs and Cats, 16 Ounces', 'incoming', '2020-09-15 18:11:13', NULL, 0, 0),
(281, '', 7, '0000-00-00', 'Buddy Wash Shampoo and Conditioner 16oz + Buddy Wash Spritz Lavender Mint Dog Grooming Bundle 4 Oz\n', 'incoming', '2020-09-15 18:11:13', NULL, 0, 0),
(282, '', 7, '0000-00-00', 'Cloud Star Buddy Wash Lavender and Mint, 16 Oz', 'incoming', '2020-09-15 18:11:13', NULL, 0, 0),
(283, '', 7, '0000-00-00', 'Duck Pack & Track Scannable Storage Labels, White', 'incoming', '2020-09-15 18:11:13', NULL, 0, 0),
(284, '', 7, '0000-00-00', 'L\'Oreal Paris Elvive - Dream Lengths - Restoring Shampoo  + L\'Oreal Paris Elvive Super Detangler Conditioner', 'incoming', '2020-09-15 18:11:13', NULL, 0, 0),
(285, '', 7, '0000-00-00', 'Powerade Mountain Berry Blast Powder Drink Mix, 5 Gallon Bag', 'incoming', '2020-09-15 18:11:13', NULL, 0, 0),
(286, '', 7, '0000-00-00', 'The Nubian Eye Palette', 'incoming', '2020-09-15 18:11:13', NULL, 0, 0),
(287, '', 7, '0000-00-00', 'Salon Care 20 Volume Creme Developer, 32oz', 'incoming', '2020-09-15 18:11:13', NULL, 0, 0),
(288, '', 7, '2000-01-06', 'Humphrey\'s Homeopathic Remedy Organic Witch Hazel -- 16 fl oz', 'incoming', '2020-09-15 18:11:13', NULL, 0, 0),
(289, '', 7, '0000-00-00', 'Harmon Face Values Bikini Disposable Shavers Razors, 3 Count Each,', 'incoming', '2020-09-15 18:12:28', NULL, 0, 0),
(290, '', 7, '0000-00-00', 'No7 City Light Tinted Moisturiser SPF 15 Medium - 1.69oz Medium', 'incoming', '2020-09-15 18:12:28', NULL, 0, 0),
(291, '', 7, '0000-00-00', 'Eva NYC Mane Magic 10-in-1 Primer, 6 Oz', 'incoming', '2020-09-15 18:12:28', NULL, 0, 0),
(292, '', 7, '0000-00-00', 'No7 City Light Tinted Moisturiser SPF 15 Medium - 1.69oz Medium', 'incoming', '2020-09-15 18:12:28', NULL, 0, 0),
(293, '', 7, '0000-00-00', 'Nailtiques Formula 2 Plus, .25 Oz', 'incoming', '2020-09-15 18:12:28', NULL, 0, 0),
(294, '', 7, '0000-00-00', 'Earth Therapeutics Soft & Smooth Gentle Peeling Foot Mask', 'incoming', '2020-09-15 18:12:28', NULL, 0, 0),
(295, '', 7, '0000-00-00', 'Wormeze Feline Liquid Wormer for Cats & Kittens 4oz.', 'incoming', '2020-09-15 18:12:28', NULL, 0, 0),
(296, '', 7, '0000-00-00', 'Earthbath Natural Oatmeal & Aloe Itch Relief Dog & Cat Shampoo for Sensitive Skin 16 oz', 'incoming', '2020-09-15 18:12:28', NULL, 0, 0),
(297, '', 7, '0000-00-00', 'Multi-Surface Satin Acrylic Paint Value Pack by Craft Smart, 16 Colors, 2 oz.', 'incoming', '2020-09-15 18:12:28', NULL, 0, 0),
(298, '', 7, '0000-00-00', 'FURminator deShedding Shampoo for Dogs and Cats, 16 Ounces', 'incoming', '2020-09-15 18:12:28', NULL, 0, 0),
(299, '', 7, '0000-00-00', 'Buddy Wash Shampoo and Conditioner 16oz + Buddy Wash Spritz Lavender Mint Dog Grooming Bundle 4 Oz\n', 'incoming', '2020-09-15 18:12:28', NULL, 0, 0),
(300, '', 7, '0000-00-00', 'Cloud Star Buddy Wash Lavender and Mint, 16 Oz', 'incoming', '2020-09-15 18:12:28', NULL, 0, 0),
(301, '', 7, '0000-00-00', 'Duck Pack & Track Scannable Storage Labels, White', 'incoming', '2020-09-15 18:12:28', NULL, 0, 0),
(302, '', 7, '0000-00-00', 'L\'Oreal Paris Elvive - Dream Lengths - Restoring Shampoo  + L\'Oreal Paris Elvive Super Detangler Conditioner', 'incoming', '2020-09-15 18:12:28', NULL, 0, 0),
(303, '', 7, '0000-00-00', 'Powerade Mountain Berry Blast Powder Drink Mix, 5 Gallon Bag', 'incoming', '2020-09-15 18:12:28', NULL, 0, 0),
(304, '', 7, '0000-00-00', 'The Nubian Eye Palette', 'incoming', '2020-09-15 18:12:28', NULL, 0, 0),
(305, '', 7, '0000-00-00', 'Salon Care 20 Volume Creme Developer, 32oz', 'incoming', '2020-09-15 18:12:28', NULL, 0, 0),
(306, '', 7, '2000-01-06', 'Humphrey\'s Homeopathic Remedy Organic Witch Hazel -- 16 fl oz', 'incoming', '2020-09-15 18:12:28', NULL, 0, 0),
(307, '', 7, '0000-00-00', 'Harmon Face Values Bikini Disposable Shavers Razors, 3 Count Each,', 'incoming', '2020-09-15 18:13:03', NULL, 0, 0),
(308, '', 7, '0000-00-00', 'No7 City Light Tinted Moisturiser SPF 15 Medium - 1.69oz Medium', 'incoming', '2020-09-15 18:13:03', NULL, 0, 0),
(309, '', 7, '0000-00-00', 'Eva NYC Mane Magic 10-in-1 Primer, 6 Oz', 'incoming', '2020-09-15 18:13:03', NULL, 0, 0),
(310, '', 7, '0000-00-00', 'No7 City Light Tinted Moisturiser SPF 15 Medium - 1.69oz Medium', 'incoming', '2020-09-15 18:13:03', NULL, 0, 0),
(311, '', 7, '0000-00-00', 'Nailtiques Formula 2 Plus, .25 Oz', 'incoming', '2020-09-15 18:13:03', NULL, 0, 0),
(312, '', 7, '0000-00-00', 'Earth Therapeutics Soft & Smooth Gentle Peeling Foot Mask', 'incoming', '2020-09-15 18:13:03', NULL, 0, 0),
(313, '', 7, '0000-00-00', 'Wormeze Feline Liquid Wormer for Cats & Kittens 4oz.', 'incoming', '2020-09-15 18:13:03', NULL, 0, 0),
(314, '', 7, '0000-00-00', 'Earthbath Natural Oatmeal & Aloe Itch Relief Dog & Cat Shampoo for Sensitive Skin 16 oz', 'incoming', '2020-09-15 18:13:03', NULL, 0, 0),
(315, '', 7, '0000-00-00', 'Multi-Surface Satin Acrylic Paint Value Pack by Craft Smart, 16 Colors, 2 oz.', 'incoming', '2020-09-15 18:13:03', NULL, 0, 0),
(316, '', 7, '0000-00-00', 'FURminator deShedding Shampoo for Dogs and Cats, 16 Ounces', 'incoming', '2020-09-15 18:13:03', NULL, 0, 0),
(317, '', 7, '0000-00-00', 'Buddy Wash Shampoo and Conditioner 16oz + Buddy Wash Spritz Lavender Mint Dog Grooming Bundle 4 Oz\n', 'incoming', '2020-09-15 18:13:03', NULL, 0, 0),
(318, '', 7, '0000-00-00', 'Cloud Star Buddy Wash Lavender and Mint, 16 Oz', 'incoming', '2020-09-15 18:13:03', NULL, 0, 0),
(319, '', 7, '0000-00-00', 'Duck Pack & Track Scannable Storage Labels, White', 'incoming', '2020-09-15 18:13:03', NULL, 0, 0),
(320, '', 7, '0000-00-00', 'L\'Oreal Paris Elvive - Dream Lengths - Restoring Shampoo  + L\'Oreal Paris Elvive Super Detangler Conditioner', 'incoming', '2020-09-15 18:13:03', NULL, 0, 0),
(321, '', 7, '0000-00-00', 'Powerade Mountain Berry Blast Powder Drink Mix, 5 Gallon Bag', 'incoming', '2020-09-15 18:13:03', NULL, 0, 0),
(322, '', 7, '0000-00-00', 'The Nubian Eye Palette', 'incoming', '2020-09-15 18:13:03', NULL, 0, 0),
(323, '', 7, '0000-00-00', 'Salon Care 20 Volume Creme Developer, 32oz', 'incoming', '2020-09-15 18:13:03', NULL, 0, 0),
(324, '', 7, '2000-01-06', 'Humphrey\'s Homeopathic Remedy Organic Witch Hazel -- 16 fl oz', 'incoming', '2020-09-15 18:13:03', NULL, 0, 0),
(325, '', 7, '0000-00-00', 'Harmon Face Values Bikini Disposable Shavers Razors, 3 Count Each,', 'incoming', '2020-09-15 18:13:24', NULL, 0, 0),
(326, '', 7, '0000-00-00', 'No7 City Light Tinted Moisturiser SPF 15 Medium - 1.69oz Medium', 'incoming', '2020-09-15 18:13:24', NULL, 0, 0),
(327, '', 7, '0000-00-00', 'Eva NYC Mane Magic 10-in-1 Primer, 6 Oz', 'incoming', '2020-09-15 18:13:24', NULL, 0, 0),
(328, '', 7, '0000-00-00', 'No7 City Light Tinted Moisturiser SPF 15 Medium - 1.69oz Medium', 'incoming', '2020-09-15 18:13:24', NULL, 0, 0),
(329, '', 7, '0000-00-00', 'Nailtiques Formula 2 Plus, .25 Oz', 'incoming', '2020-09-15 18:13:24', NULL, 0, 0),
(330, '', 7, '0000-00-00', 'Earth Therapeutics Soft & Smooth Gentle Peeling Foot Mask', 'incoming', '2020-09-15 18:13:24', NULL, 0, 0),
(331, '', 7, '0000-00-00', 'Wormeze Feline Liquid Wormer for Cats & Kittens 4oz.', 'incoming', '2020-09-15 18:13:24', NULL, 0, 0),
(332, '', 7, '0000-00-00', 'Earthbath Natural Oatmeal & Aloe Itch Relief Dog & Cat Shampoo for Sensitive Skin 16 oz', 'incoming', '2020-09-15 18:13:24', NULL, 0, 0),
(333, '', 7, '0000-00-00', 'Multi-Surface Satin Acrylic Paint Value Pack by Craft Smart, 16 Colors, 2 oz.', 'incoming', '2020-09-15 18:13:24', NULL, 0, 0),
(334, '', 7, '0000-00-00', 'FURminator deShedding Shampoo for Dogs and Cats, 16 Ounces', 'incoming', '2020-09-15 18:13:24', NULL, 0, 0),
(335, '', 7, '0000-00-00', 'Buddy Wash Shampoo and Conditioner 16oz + Buddy Wash Spritz Lavender Mint Dog Grooming Bundle 4 Oz\n', 'incoming', '2020-09-15 18:13:24', NULL, 0, 0),
(336, '', 7, '0000-00-00', 'Cloud Star Buddy Wash Lavender and Mint, 16 Oz', 'incoming', '2020-09-15 18:13:24', NULL, 0, 0),
(337, '', 7, '0000-00-00', 'Duck Pack & Track Scannable Storage Labels, White', 'incoming', '2020-09-15 18:13:24', NULL, 0, 0),
(338, '', 7, '0000-00-00', 'L\'Oreal Paris Elvive - Dream Lengths - Restoring Shampoo  + L\'Oreal Paris Elvive Super Detangler Conditioner', 'incoming', '2020-09-15 18:13:24', NULL, 0, 0),
(339, '', 7, '0000-00-00', 'Powerade Mountain Berry Blast Powder Drink Mix, 5 Gallon Bag', 'incoming', '2020-09-15 18:13:24', NULL, 0, 0),
(340, '', 7, '0000-00-00', 'The Nubian Eye Palette', 'incoming', '2020-09-15 18:13:24', NULL, 0, 0),
(341, '', 7, '0000-00-00', 'Salon Care 20 Volume Creme Developer, 32oz', 'incoming', '2020-09-15 18:13:24', NULL, 0, 0),
(342, '', 7, '2000-01-06', 'Humphrey\'s Homeopathic Remedy Organic Witch Hazel -- 16 fl oz', 'incoming', '2020-09-15 18:13:24', NULL, 0, 0),
(343, '', 7, '0000-00-00', 'Harmon Face Values Bikini Disposable Shavers Razors, 3 Count Each,', 'incoming', '2020-09-15 18:13:46', NULL, 0, 0),
(344, '', 7, '0000-00-00', 'No7 City Light Tinted Moisturiser SPF 15 Medium - 1.69oz Medium', 'incoming', '2020-09-15 18:13:46', NULL, 0, 0),
(345, '', 7, '0000-00-00', 'Eva NYC Mane Magic 10-in-1 Primer, 6 Oz', 'incoming', '2020-09-15 18:13:46', NULL, 0, 0),
(346, '', 7, '0000-00-00', 'No7 City Light Tinted Moisturiser SPF 15 Medium - 1.69oz Medium', 'incoming', '2020-09-15 18:13:46', NULL, 0, 0),
(347, '', 7, '0000-00-00', 'Nailtiques Formula 2 Plus, .25 Oz', 'incoming', '2020-09-15 18:13:46', NULL, 0, 0),
(348, '', 7, '0000-00-00', 'Earth Therapeutics Soft & Smooth Gentle Peeling Foot Mask', 'incoming', '2020-09-15 18:13:46', NULL, 0, 0),
(349, '', 7, '0000-00-00', 'Wormeze Feline Liquid Wormer for Cats & Kittens 4oz.', 'incoming', '2020-09-15 18:13:46', NULL, 0, 0),
(350, '', 7, '0000-00-00', 'Earthbath Natural Oatmeal & Aloe Itch Relief Dog & Cat Shampoo for Sensitive Skin 16 oz', 'incoming', '2020-09-15 18:13:46', NULL, 0, 0),
(351, '', 7, '0000-00-00', 'Multi-Surface Satin Acrylic Paint Value Pack by Craft Smart, 16 Colors, 2 oz.', 'incoming', '2020-09-15 18:13:46', NULL, 0, 0),
(352, '', 7, '0000-00-00', 'FURminator deShedding Shampoo for Dogs and Cats, 16 Ounces', 'incoming', '2020-09-15 18:13:46', NULL, 0, 0),
(353, '', 7, '0000-00-00', 'Buddy Wash Shampoo and Conditioner 16oz + Buddy Wash Spritz Lavender Mint Dog Grooming Bundle 4 Oz\n', 'incoming', '2020-09-15 18:13:46', NULL, 0, 0),
(354, '', 7, '0000-00-00', 'Cloud Star Buddy Wash Lavender and Mint, 16 Oz', 'incoming', '2020-09-15 18:13:46', NULL, 0, 0),
(355, '', 7, '0000-00-00', 'Duck Pack & Track Scannable Storage Labels, White', 'incoming', '2020-09-15 18:13:46', NULL, 0, 0),
(356, '', 7, '0000-00-00', 'L\'Oreal Paris Elvive - Dream Lengths - Restoring Shampoo  + L\'Oreal Paris Elvive Super Detangler Conditioner', 'incoming', '2020-09-15 18:13:46', NULL, 0, 0),
(357, '', 7, '0000-00-00', 'Powerade Mountain Berry Blast Powder Drink Mix, 5 Gallon Bag', 'incoming', '2020-09-15 18:13:46', NULL, 0, 0),
(358, '', 7, '0000-00-00', 'The Nubian Eye Palette', 'incoming', '2020-09-15 18:13:46', NULL, 0, 0),
(359, '', 7, '0000-00-00', 'Salon Care 20 Volume Creme Developer, 32oz', 'incoming', '2020-09-15 18:13:46', NULL, 0, 0),
(360, '', 7, '2000-01-06', 'Humphrey\'s Homeopathic Remedy Organic Witch Hazel -- 16 fl oz', 'incoming', '2020-09-15 18:13:46', NULL, 0, 0),
(361, '', 7, '0000-00-00', 'Harmon Face Values Bikini Disposable Shavers Razors, 3 Count Each,', 'incoming', '2020-09-15 18:14:20', NULL, 0, 0),
(362, '', 7, '0000-00-00', 'No7 City Light Tinted Moisturiser SPF 15 Medium - 1.69oz Medium', 'incoming', '2020-09-15 18:14:20', NULL, 0, 0),
(363, '', 7, '0000-00-00', 'Eva NYC Mane Magic 10-in-1 Primer, 6 Oz', 'incoming', '2020-09-15 18:14:20', NULL, 0, 0),
(364, '', 7, '0000-00-00', 'No7 City Light Tinted Moisturiser SPF 15 Medium - 1.69oz Medium', 'incoming', '2020-09-15 18:14:20', NULL, 0, 0),
(365, '', 7, '0000-00-00', 'Nailtiques Formula 2 Plus, .25 Oz', 'incoming', '2020-09-15 18:14:20', NULL, 0, 0),
(366, '', 7, '0000-00-00', 'Earth Therapeutics Soft & Smooth Gentle Peeling Foot Mask', 'incoming', '2020-09-15 18:14:20', NULL, 0, 0),
(367, '', 7, '0000-00-00', 'Wormeze Feline Liquid Wormer for Cats & Kittens 4oz.', 'incoming', '2020-09-15 18:14:20', NULL, 0, 0),
(368, '', 7, '0000-00-00', 'Earthbath Natural Oatmeal & Aloe Itch Relief Dog & Cat Shampoo for Sensitive Skin 16 oz', 'incoming', '2020-09-15 18:14:20', NULL, 0, 0),
(369, '', 7, '0000-00-00', 'Multi-Surface Satin Acrylic Paint Value Pack by Craft Smart, 16 Colors, 2 oz.', 'incoming', '2020-09-15 18:14:20', NULL, 0, 0),
(370, '', 7, '0000-00-00', 'FURminator deShedding Shampoo for Dogs and Cats, 16 Ounces', 'incoming', '2020-09-15 18:14:20', NULL, 0, 0),
(371, '', 7, '0000-00-00', 'Buddy Wash Shampoo and Conditioner 16oz + Buddy Wash Spritz Lavender Mint Dog Grooming Bundle 4 Oz\n', 'incoming', '2020-09-15 18:14:20', NULL, 0, 0),
(372, '', 7, '0000-00-00', 'Cloud Star Buddy Wash Lavender and Mint, 16 Oz', 'incoming', '2020-09-15 18:14:20', NULL, 0, 0),
(373, '', 7, '0000-00-00', 'Duck Pack & Track Scannable Storage Labels, White', 'incoming', '2020-09-15 18:14:20', NULL, 0, 0),
(374, '', 7, '0000-00-00', 'L\'Oreal Paris Elvive - Dream Lengths - Restoring Shampoo  + L\'Oreal Paris Elvive Super Detangler Conditioner', 'incoming', '2020-09-15 18:14:20', NULL, 0, 0),
(375, '', 7, '0000-00-00', 'Powerade Mountain Berry Blast Powder Drink Mix, 5 Gallon Bag', 'incoming', '2020-09-15 18:14:20', NULL, 0, 0),
(376, '', 7, '0000-00-00', 'The Nubian Eye Palette', 'incoming', '2020-09-15 18:14:20', NULL, 0, 0);
INSERT INTO `orders` (`id`, `order_number`, `user_id`, `date_ordered`, `description`, `status`, `date_added`, `received_date`, `is_deleted`, `is_archive`) VALUES
(377, '', 7, '0000-00-00', 'Salon Care 20 Volume Creme Developer, 32oz', 'incoming', '2020-09-15 18:14:20', NULL, 0, 0),
(378, '', 7, '2000-01-06', 'Humphrey\'s Homeopathic Remedy Organic Witch Hazel -- 16 fl oz', 'incoming', '2020-09-15 18:14:20', NULL, 0, 0),
(379, '', 7, '0000-00-00', 'Harmon Face Values Bikini Disposable Shavers Razors, 3 Count Each,', 'incoming', '2020-09-15 18:15:23', NULL, 0, 0),
(380, '', 7, '0000-00-00', 'No7 City Light Tinted Moisturiser SPF 15 Medium - 1.69oz Medium', 'incoming', '2020-09-15 18:15:23', NULL, 0, 0),
(381, '', 7, '0000-00-00', 'Eva NYC Mane Magic 10-in-1 Primer, 6 Oz', 'incoming', '2020-09-15 18:15:23', NULL, 0, 0),
(382, '', 7, '0000-00-00', 'No7 City Light Tinted Moisturiser SPF 15 Medium - 1.69oz Medium', 'incoming', '2020-09-15 18:15:23', NULL, 0, 0),
(383, '', 7, '0000-00-00', 'Nailtiques Formula 2 Plus, .25 Oz', 'incoming', '2020-09-15 18:15:23', NULL, 0, 0),
(384, '', 7, '0000-00-00', 'Earth Therapeutics Soft & Smooth Gentle Peeling Foot Mask', 'incoming', '2020-09-15 18:15:23', NULL, 0, 0),
(385, '', 7, '0000-00-00', 'Wormeze Feline Liquid Wormer for Cats & Kittens 4oz.', 'incoming', '2020-09-15 18:15:23', NULL, 0, 0),
(386, '', 7, '0000-00-00', 'Earthbath Natural Oatmeal & Aloe Itch Relief Dog & Cat Shampoo for Sensitive Skin 16 oz', 'incoming', '2020-09-15 18:15:23', NULL, 0, 0),
(387, '', 7, '0000-00-00', 'Multi-Surface Satin Acrylic Paint Value Pack by Craft Smart, 16 Colors, 2 oz.', 'incoming', '2020-09-15 18:15:23', NULL, 0, 0),
(388, '', 7, '0000-00-00', 'FURminator deShedding Shampoo for Dogs and Cats, 16 Ounces', 'incoming', '2020-09-15 18:15:23', NULL, 0, 0),
(389, '', 7, '0000-00-00', 'Buddy Wash Shampoo and Conditioner 16oz + Buddy Wash Spritz Lavender Mint Dog Grooming Bundle 4 Oz\n', 'incoming', '2020-09-15 18:15:23', NULL, 0, 0),
(390, '', 7, '0000-00-00', 'Cloud Star Buddy Wash Lavender and Mint, 16 Oz', 'incoming', '2020-09-15 18:15:23', NULL, 0, 0),
(391, '', 7, '0000-00-00', 'Duck Pack & Track Scannable Storage Labels, White', 'incoming', '2020-09-15 18:15:23', NULL, 0, 0),
(392, '', 7, '0000-00-00', 'L\'Oreal Paris Elvive - Dream Lengths - Restoring Shampoo  + L\'Oreal Paris Elvive Super Detangler Conditioner', 'incoming', '2020-09-15 18:15:23', NULL, 0, 0),
(393, '', 7, '0000-00-00', 'Powerade Mountain Berry Blast Powder Drink Mix, 5 Gallon Bag', 'incoming', '2020-09-15 18:15:23', NULL, 0, 0),
(394, '', 7, '0000-00-00', 'The Nubian Eye Palette', 'incoming', '2020-09-15 18:15:23', NULL, 0, 0),
(395, '', 7, '0000-00-00', 'Salon Care 20 Volume Creme Developer, 32oz', 'incoming', '2020-09-15 18:15:23', NULL, 0, 0),
(396, '', 7, '2000-01-06', 'Humphrey\'s Homeopathic Remedy Organic Witch Hazel -- 16 fl oz', 'incoming', '2020-09-15 18:15:23', NULL, 0, 0),
(397, '', 7, '0000-00-00', 'Harmon Face Values Bikini Disposable Shavers Razors, 3 Count Each,', 'incoming', '2020-09-15 18:17:42', NULL, 0, 0),
(398, '', 7, '0000-00-00', 'No7 City Light Tinted Moisturiser SPF 15 Medium - 1.69oz Medium', 'incoming', '2020-09-15 18:17:42', NULL, 0, 0),
(399, '', 7, '0000-00-00', 'Eva NYC Mane Magic 10-in-1 Primer, 6 Oz', 'incoming', '2020-09-15 18:17:42', NULL, 0, 0),
(400, '', 7, '0000-00-00', 'No7 City Light Tinted Moisturiser SPF 15 Medium - 1.69oz Medium', 'incoming', '2020-09-15 18:17:42', NULL, 0, 0),
(401, '', 7, '0000-00-00', 'Nailtiques Formula 2 Plus, .25 Oz', 'incoming', '2020-09-15 18:17:42', NULL, 0, 0),
(402, '', 7, '0000-00-00', 'Earth Therapeutics Soft & Smooth Gentle Peeling Foot Mask', 'incoming', '2020-09-15 18:17:42', NULL, 0, 0),
(403, '', 7, '0000-00-00', 'Wormeze Feline Liquid Wormer for Cats & Kittens 4oz.', 'incoming', '2020-09-15 18:17:42', NULL, 0, 0),
(404, '', 7, '0000-00-00', 'Earthbath Natural Oatmeal & Aloe Itch Relief Dog & Cat Shampoo for Sensitive Skin 16 oz', 'incoming', '2020-09-15 18:17:42', NULL, 0, 0),
(405, '', 7, '0000-00-00', 'Multi-Surface Satin Acrylic Paint Value Pack by Craft Smart, 16 Colors, 2 oz.', 'incoming', '2020-09-15 18:17:42', NULL, 0, 0),
(406, '', 7, '0000-00-00', 'FURminator deShedding Shampoo for Dogs and Cats, 16 Ounces', 'incoming', '2020-09-15 18:17:42', NULL, 0, 0),
(407, '', 7, '0000-00-00', 'Buddy Wash Shampoo and Conditioner 16oz + Buddy Wash Spritz Lavender Mint Dog Grooming Bundle 4 Oz\n', 'incoming', '2020-09-15 18:17:42', NULL, 0, 0),
(408, '', 7, '0000-00-00', 'Cloud Star Buddy Wash Lavender and Mint, 16 Oz', 'incoming', '2020-09-15 18:17:42', NULL, 0, 0),
(409, '', 7, '0000-00-00', 'Duck Pack & Track Scannable Storage Labels, White', 'incoming', '2020-09-15 18:17:42', NULL, 0, 0),
(410, '', 7, '0000-00-00', 'L\'Oreal Paris Elvive - Dream Lengths - Restoring Shampoo  + L\'Oreal Paris Elvive Super Detangler Conditioner', 'incoming', '2020-09-15 18:17:42', NULL, 0, 0),
(411, '', 7, '0000-00-00', 'Powerade Mountain Berry Blast Powder Drink Mix, 5 Gallon Bag', 'incoming', '2020-09-15 18:17:42', NULL, 0, 0),
(412, '', 7, '0000-00-00', 'The Nubian Eye Palette', 'incoming', '2020-09-15 18:17:42', NULL, 0, 0),
(413, '', 7, '0000-00-00', 'Salon Care 20 Volume Creme Developer, 32oz', 'incoming', '2020-09-15 18:17:42', NULL, 0, 0),
(414, '', 7, '2000-01-06', 'Humphrey\'s Homeopathic Remedy Organic Witch Hazel -- 16 fl oz', 'incoming', '2020-09-15 18:17:42', NULL, 0, 0),
(415, '', 7, '0000-00-00', 'Harmon Face Values Bikini Disposable Shavers Razors, 3 Count Each,', 'incoming', '2020-09-15 18:18:01', NULL, 0, 0),
(416, '', 7, '0000-00-00', 'No7 City Light Tinted Moisturiser SPF 15 Medium - 1.69oz Medium', 'incoming', '2020-09-15 18:18:01', NULL, 0, 0),
(417, '', 7, '0000-00-00', 'Eva NYC Mane Magic 10-in-1 Primer, 6 Oz', 'incoming', '2020-09-15 18:18:01', NULL, 0, 0),
(418, '', 7, '0000-00-00', 'No7 City Light Tinted Moisturiser SPF 15 Medium - 1.69oz Medium', 'incoming', '2020-09-15 18:18:01', NULL, 0, 0),
(419, '', 7, '0000-00-00', 'Nailtiques Formula 2 Plus, .25 Oz', 'incoming', '2020-09-15 18:18:01', NULL, 0, 0),
(420, '', 7, '0000-00-00', 'Earth Therapeutics Soft & Smooth Gentle Peeling Foot Mask', 'incoming', '2020-09-15 18:18:01', NULL, 0, 0),
(421, '', 7, '0000-00-00', 'Wormeze Feline Liquid Wormer for Cats & Kittens 4oz.', 'incoming', '2020-09-15 18:18:01', NULL, 0, 0),
(422, '', 7, '0000-00-00', 'Earthbath Natural Oatmeal & Aloe Itch Relief Dog & Cat Shampoo for Sensitive Skin 16 oz', 'incoming', '2020-09-15 18:18:01', NULL, 0, 0),
(423, '', 7, '0000-00-00', 'Multi-Surface Satin Acrylic Paint Value Pack by Craft Smart, 16 Colors, 2 oz.', 'incoming', '2020-09-15 18:18:01', NULL, 0, 0),
(424, '', 7, '0000-00-00', 'FURminator deShedding Shampoo for Dogs and Cats, 16 Ounces', 'incoming', '2020-09-15 18:18:01', NULL, 0, 0),
(425, '', 7, '0000-00-00', 'Buddy Wash Shampoo and Conditioner 16oz + Buddy Wash Spritz Lavender Mint Dog Grooming Bundle 4 Oz\n', 'incoming', '2020-09-15 18:18:01', NULL, 0, 0),
(426, '', 7, '0000-00-00', 'Cloud Star Buddy Wash Lavender and Mint, 16 Oz', 'incoming', '2020-09-15 18:18:01', NULL, 0, 0),
(427, '', 7, '0000-00-00', 'Duck Pack & Track Scannable Storage Labels, White', 'incoming', '2020-09-15 18:18:01', NULL, 0, 0),
(428, '', 7, '0000-00-00', 'L\'Oreal Paris Elvive - Dream Lengths - Restoring Shampoo  + L\'Oreal Paris Elvive Super Detangler Conditioner', 'incoming', '2020-09-15 18:18:01', NULL, 0, 0),
(429, '', 7, '0000-00-00', 'Powerade Mountain Berry Blast Powder Drink Mix, 5 Gallon Bag', 'incoming', '2020-09-15 18:18:01', NULL, 0, 0),
(430, '', 7, '0000-00-00', 'The Nubian Eye Palette', 'incoming', '2020-09-15 18:18:01', NULL, 0, 0),
(431, '', 7, '0000-00-00', 'Salon Care 20 Volume Creme Developer, 32oz', 'incoming', '2020-09-15 18:18:01', NULL, 0, 0),
(432, '', 7, '2000-01-06', 'Humphrey\'s Homeopathic Remedy Organic Witch Hazel -- 16 fl oz', 'incoming', '2020-09-15 18:18:01', NULL, 0, 0),
(434, '', 7, '0000-00-00', 'Harmon Face Values Bikini Disposable Shavers Razors, 3 Count Each,', 'incoming', '2020-09-15 18:21:23', NULL, 0, 0),
(435, '', 7, '0000-00-00', 'No7 City Light Tinted Moisturiser SPF 15 Medium - 1.69oz Medium', 'incoming', '2020-09-15 18:21:23', NULL, 0, 0),
(436, '', 7, '0000-00-00', 'Eva NYC Mane Magic 10-in-1 Primer, 6 Oz', 'incoming', '2020-09-15 18:21:23', NULL, 0, 0),
(437, '', 7, '0000-00-00', 'No7 City Light Tinted Moisturiser SPF 15 Medium - 1.69oz Medium', 'incoming', '2020-09-15 18:21:23', NULL, 0, 0),
(438, '', 7, '0000-00-00', 'Nailtiques Formula 2 Plus, .25 Oz', 'incoming', '2020-09-15 18:21:23', NULL, 0, 0),
(439, '', 7, '0000-00-00', 'Earth Therapeutics Soft & Smooth Gentle Peeling Foot Mask', 'incoming', '2020-09-15 18:21:23', NULL, 0, 0),
(440, '', 7, '0000-00-00', 'Wormeze Feline Liquid Wormer for Cats & Kittens 4oz.', 'incoming', '2020-09-15 18:21:23', NULL, 0, 0),
(441, '', 7, '0000-00-00', 'Earthbath Natural Oatmeal & Aloe Itch Relief Dog & Cat Shampoo for Sensitive Skin 16 oz', 'incoming', '2020-09-15 18:21:23', NULL, 0, 0),
(442, '', 7, '0000-00-00', 'Multi-Surface Satin Acrylic Paint Value Pack by Craft Smart, 16 Colors, 2 oz.', 'incoming', '2020-09-15 18:21:23', NULL, 0, 0),
(443, '', 7, '0000-00-00', 'FURminator deShedding Shampoo for Dogs and Cats, 16 Ounces', 'incoming', '2020-09-15 18:21:23', NULL, 0, 0),
(444, '', 7, '0000-00-00', 'Buddy Wash Shampoo and Conditioner 16oz + Buddy Wash Spritz Lavender Mint Dog Grooming Bundle 4 Oz\n', 'incoming', '2020-09-15 18:21:23', NULL, 0, 0),
(445, '', 7, '0000-00-00', 'Cloud Star Buddy Wash Lavender and Mint, 16 Oz', 'incoming', '2020-09-15 18:21:23', NULL, 0, 0),
(446, '', 7, '0000-00-00', 'Duck Pack & Track Scannable Storage Labels, White', 'incoming', '2020-09-15 18:21:23', NULL, 0, 0),
(447, '', 7, '0000-00-00', 'L\'Oreal Paris Elvive - Dream Lengths - Restoring Shampoo  + L\'Oreal Paris Elvive Super Detangler Conditioner', 'incoming', '2020-09-15 18:21:23', NULL, 0, 0),
(448, '', 7, '0000-00-00', 'Powerade Mountain Berry Blast Powder Drink Mix, 5 Gallon Bag', 'incoming', '2020-09-15 18:21:23', NULL, 0, 0),
(449, '', 7, '0000-00-00', 'The Nubian Eye Palette', 'incoming', '2020-09-15 18:21:23', NULL, 0, 0),
(450, '', 7, '0000-00-00', 'Salon Care 20 Volume Creme Developer, 32oz', 'incoming', '2020-09-15 18:21:23', NULL, 0, 0),
(451, '', 7, '2000-01-06', 'Humphrey\'s Homeopathic Remedy Organic Witch Hazel -- 16 fl oz', 'incoming', '2020-09-15 18:21:23', NULL, 0, 0),
(452, '', 7, '0000-00-00', 'Harmon Face Values Bikini Disposable Shavers Razors, 3 Count Each,', 'incoming', '2020-09-15 18:22:25', NULL, 0, 0),
(453, '', 7, '0000-00-00', 'No7 City Light Tinted Moisturiser SPF 15 Medium - 1.69oz Medium', 'incoming', '2020-09-15 18:22:25', NULL, 0, 0),
(454, '', 7, '0000-00-00', 'Eva NYC Mane Magic 10-in-1 Primer, 6 Oz', 'incoming', '2020-09-15 18:22:25', NULL, 0, 0),
(455, '', 7, '0000-00-00', 'No7 City Light Tinted Moisturiser SPF 15 Medium - 1.69oz Medium', 'incoming', '2020-09-15 18:22:25', NULL, 0, 0),
(456, '', 7, '0000-00-00', 'Nailtiques Formula 2 Plus, .25 Oz', 'incoming', '2020-09-15 18:22:25', NULL, 0, 0),
(457, '', 7, '0000-00-00', 'Earth Therapeutics Soft & Smooth Gentle Peeling Foot Mask', 'incoming', '2020-09-15 18:22:25', NULL, 0, 0),
(458, '', 7, '0000-00-00', 'Wormeze Feline Liquid Wormer for Cats & Kittens 4oz.', 'incoming', '2020-09-15 18:22:25', NULL, 0, 0),
(460, '', 7, '0000-00-00', 'Multi-Surface Satin Acrylic Paint Value Pack by Craft Smart, 16 Colors, 2 oz.', 'incoming', '2020-09-15 18:22:25', NULL, 0, 0),
(481, '', 7, '0000-00-00', 'Cloud Star Buddy Wash Lavender and Mint, 16 Oz', 'incoming', '2020-09-15 18:22:58', NULL, 0, 0),
(590, '', 7, '2020-09-15', 'xl lime green socks', 'ordered', '2020-09-16 03:02:02', '2020-09-15 04:00:00', 0, 0),
(591, '', 15, '2020-09-22', 'efew fwef wef', 'incoming', '2020-09-16 03:32:15', NULL, 0, 0),
(592, '', 15, '2020-09-15', 'esfesfesfesfg', 'incoming', '2020-09-16 03:32:36', NULL, 0, 0),
(593, '', 15, '2020-09-22', 'feregfergreg', 'received', '2020-09-16 03:33:01', '2020-09-15 04:00:00', 0, 0),
(594, '', 15, '0000-00-00', 'my new item 1', 'incoming', '2020-09-16 03:38:42', NULL, 0, 0),
(595, '', 15, '0000-00-00', 'my new item 2', 'incoming', '2020-09-16 03:38:42', NULL, 0, 0),
(596, '', 15, '0000-00-00', 'my new item 3', 'incoming', '2020-09-16 03:38:42', NULL, 0, 0),
(597, '', 15, '0000-00-00', 'my new item 4', 'incoming', '2020-09-16 03:38:42', NULL, 0, 0),
(598, '', 15, '0000-00-00', 'my new item 5', 'incoming', '2020-09-16 03:38:42', NULL, 0, 0),
(599, '', 15, '0000-00-00', 'my new item 6', 'incoming', '2020-09-16 03:38:42', NULL, 0, 0),
(600, '', 15, '0000-00-00', 'my new item 7', 'incoming', '2020-09-16 03:38:42', NULL, 0, 0),
(601, '', 15, '0000-00-00', 'my new item 8', 'incoming', '2020-09-16 03:38:42', NULL, 0, 0),
(602, '', 15, '0000-00-00', 'my new item 9', 'incoming', '2020-09-16 03:38:42', NULL, 0, 0),
(603, '', 15, '0000-00-00', 'my new item 10', 'incoming', '2020-09-16 03:38:42', NULL, 0, 0),
(604, '', 15, '0000-00-00', 'my new item 11', 'incoming', '2020-09-16 03:38:42', NULL, 0, 0),
(605, '', 15, '0000-00-00', 'my new item 12', 'incoming', '2020-09-16 03:38:42', NULL, 0, 0),
(606, '', 15, '0000-00-00', 'my new item 13', 'incoming', '2020-09-16 03:38:42', NULL, 0, 0),
(607, '', 15, '0000-00-00', 'my new item 14', 'incoming', '2020-09-16 03:38:42', NULL, 0, 0),
(608, '', 15, '0000-00-00', 'my new item 15', 'incoming', '2020-09-16 03:38:42', NULL, 0, 0),
(609, '', 15, '0000-00-00', 'my new item 16', 'incoming', '2020-09-16 03:38:42', NULL, 0, 0),
(610, '', 15, '0000-00-00', 'my new item 17', 'incoming', '2020-09-16 03:38:42', NULL, 0, 0),
(611, '', 15, '0000-00-00', 'my new item 18', 'received', '2020-09-16 03:38:42', '2020-09-16 04:00:00', 0, 0),
(612, '', 15, '0000-00-00', 'my new item 19', 'received', '2020-09-16 03:38:42', '2020-09-16 04:00:00', 0, 0),
(613, '', 15, '0000-00-00', 'my new item 20', 'incoming', '2020-09-16 03:38:42', NULL, 0, 0),
(614, '', 15, '0000-00-00', 'my new item 21', 'received', '2020-09-16 03:38:42', '2020-09-16 04:00:00', 0, 0),
(615, '', 15, '0000-00-00', 'my new item 22', 'received', '2020-09-16 03:38:42', '2020-09-16 04:00:00', 0, 0),
(616, '', 15, '0000-00-00', 'my new item 23', 'received', '2020-09-16 03:38:42', '2020-09-16 04:00:00', 0, 0),
(617, '', 15, '0000-00-00', 'my new item 24', 'received', '2020-09-16 03:38:42', '2020-09-16 04:00:00', 0, 0),
(618, '', 15, '2020-09-15', 'my new item 25', 'received', '2020-09-16 03:38:42', '2020-09-16 04:00:00', 0, 0),
(619, '', 15, '0000-00-00', 'my new item 26', 'received', '2020-09-16 03:38:42', '2020-09-16 04:00:00', 0, 0),
(620, '', 15, '0000-00-00', 'my new item 27', 'received', '2020-09-16 03:38:42', '2020-09-20 19:00:00', 0, 0),
(621, '', 15, '0000-00-00', 'my new item 28', 'received', '2020-09-16 03:38:42', '2020-09-20 19:00:00', 0, 0),
(622, '', 15, '2020-09-15', 'my new item 29', 'received', '2020-09-16 03:38:42', '0000-00-00 00:00:00', 0, 0),
(624, '', 15, '0000-00-00', 'my new item 28', 'ordered', '2020-09-16 03:48:18', NULL, 0, 0),
(625, '', 15, '0000-00-00', 'my new item 29', 'ordered', '2020-09-16 03:48:18', NULL, 0, 0),
(626, '', 15, '2020-09-22', 'feregfergreg', 'ordered', '2020-09-16 03:48:18', NULL, 0, 0),
(627, '', 7, '0000-00-00', 'pizza', 'incoming', '2020-09-16 21:46:30', NULL, 0, 0),
(628, '', 7, '0000-00-00', 'pizza', 'received', '2020-09-16 21:46:30', '2020-09-18 04:00:00', 0, 0),
(629, '', 7, '0000-00-00', 'pizza', 'ordered', '2020-09-16 21:47:09', '2020-09-18 04:00:00', 0, 0),
(630, '', 7, '0000-00-00', 'pizza', 'ordered', '2020-09-16 21:47:09', '2020-09-16 04:00:00', 0, 0),
(631, '', 24, '2020-09-10', 'ss', 'incoming', '2020-09-21 16:15:43', NULL, 0, 0),
(632, '', 24, '2020-09-10', 'ss', 'incoming', '2020-09-21 16:25:29', NULL, 0, 0),
(633, '', 24, '2020-09-10', 'ss', 'incoming', '2020-09-21 16:27:32', NULL, 0, 0),
(634, '', 24, '2020-09-10', 'ss', 'incoming', '2020-09-21 16:28:43', NULL, 0, 0),
(635, '', 24, '2020-09-10', 'ss', 'incoming', '2020-09-21 16:30:35', NULL, 0, 0),
(636, '', 9, '2020-09-03', 'x', 'incoming', '2020-09-21 16:37:19', NULL, 0, 0);

-- --------------------------------------------------------

--
-- Table structure for table `orders_more`
--

CREATE TABLE `orders_more` (
  `order_more_id` int(11) NOT NULL,
  `order_id` int(11) NOT NULL,
  `upc` varchar(255) NOT NULL,
  `part_no` varchar(255) NOT NULL,
  `image` varchar(255) NOT NULL,
  `supplier` varchar(255) NOT NULL,
  `tracking_number` varchar(255) NOT NULL,
  `asin_number` varchar(255) NOT NULL,
  `qty` int(11) NOT NULL,
  `length` int(11) NOT NULL,
  `services` text NOT NULL,
  `notes` text NOT NULL,
  `quality` varchar(5) DEFAULT NULL,
  `good_qty` int(11) NOT NULL,
  `bad_qty` int(11) NOT NULL,
  `location` varchar(225) NOT NULL,
  `recieved_notes` varchar(255) NOT NULL,
  `width` int(11) NOT NULL,
  `height` int(11) NOT NULL
) ENGINE=MyISAM DEFAULT CHARSET=latin1;

--
-- Dumping data for table `orders_more`
--

INSERT INTO `orders_more` (`order_more_id`, `order_id`, `upc`, `part_no`, `image`, `supplier`, `tracking_number`, `asin_number`, `qty`, `length`, `services`, `notes`, `quality`, `good_qty`, `bad_qty`, `location`, `recieved_notes`, `width`, `height`) VALUES
(1, 1, 'ameertest1', '12345', '17022933resale2logo.jpg', 'Fardeen', '12345', '12345', 1, 6, 'abc', 'Hello Worldesfesfesfes', NULL, 1, 0, 'hyderabad', '', 0, 0),
(2, 2, 'ameertest2', '12345', '84164302Deadener_1.jpg', 'Fardeen', '12345', '12345', 2, 4, 'abc', 'hello mister', NULL, 2, 0, 'dadu', '', 0, 0),
(3, 3, 'ameertest2', '12345', '84164302Deadener_1.jpg', 'Fardeen', '12345', '12345', 2, 4, 'abc', 'hello mister', NULL, 2, 0, '', '', 0, 0),
(4, 4, 'ameertest1', '12345', '17022933resale2logo.jpg', 'Fardeen', '12345', '12345', 3, 6, 'abc', 'Hello World', NULL, 3, 0, '', '', 0, 0),
(5, 5, 'ameertest3', '12345', '81025135han5.jpg', 'Fardeen', '12345', '12345', 1, 10, 'abc', 'please send correct order', NULL, 1, 0, '', '', 0, 0),
(6, 6, 'ameertest3', '12345', '81025135han5.jpg', 'Fardeen', '12345', '12345', 4, 10, 'abc', 'please send correct order', NULL, 4, 0, '', '', 0, 0),
(7, 7, 'ameertest1', '12345', '17022933resale2logo.jpg', 'Fardeen', '12345', '12345', 1, 6, 'abc', 'Hello World', NULL, 1, 0, '', '', 0, 0),
(9, 9, 'ergerg', 'ergterger', '1434home-t-shirts.gif', 'gergerger', 'gerger', 'gtretreg', 2, 23, 'erger', 'erreger', NULL, 2, 0, '', '', 0, 0),
(10, 10, 'ameertest3', '12345', '81025135han5.jpg', 'Fardeen', '12345', '12345', 2, 10, 'abc', 'please send correct order', NULL, 2, 0, '', '', 0, 0),
(11, 11, 'ergerg', 'ergterger', '1434home-t-shirts.gif', 'gergerger', 'gerger', 'gtretreg', 1, 23, 'erger', 'erreger', NULL, 1, 0, '', '', 0, 0),
(12, 12, 'ameertest3', '12345', '81025135han5.jpg', 'Fardeen', '12345', '12345', 1, 10, 'abc', 'please send correct order', NULL, 1, 0, '', '', 0, 0),
(13, 14, 'ergerg', 'ergterger', '1434home-t-shirts.gif', 'gergerger', 'gerger', 'gtretreg', 1, 23, 'erger', 'erreger', NULL, 1, 0, '', '', 0, 0),
(14, 15, 'ergerg', 'ergterger', '1434home-t-shirts.gif', 'gergerger', 'gerger', 'gtretreg', 2, 23, 'erger', 'erreger', NULL, 2, 0, '', '', 0, 0),
(15, 16, 'ergerg', 'ergterger', '1434home-t-shirts.gif', 'gergerger', 'gerger', 'gtretreg', 2, 23, 'erger', 'erreger', NULL, 2, 0, '', '', 0, 0),
(16, 17, 'ameertest1', '12345', '17022933resale2logo.jpg', 'Fardeen', '12345', '12345', 1, 6, 'abc', 'Hello Worldesfesfesfes', NULL, 1, 0, '', '', 0, 0),
(17, 18, 'ergerg', 'ergterger', '1434home-t-shirts.gif', 'gergerger', 'gerger', 'gtretreg', 1, 23, 'erger', 'erreger', NULL, 1, 0, '', '', 0, 0),
(19, 20, 'ameertest1', '12345', '97804602home-t-shirts.gif', 'Fardeen', '12345', '12345', 6, 4, 'abc', 'hello', NULL, 6, 0, 'hyderabad', '', 0, 0),
(20, 21, 'ameertest1', '12345', '808483403.PNG', 'Fardeen', '12345', '12345', 8, 17, 'abc', 'hello', NULL, 8, 2, 'hyderabad', 'dsasda', 0, 0),
(21, 22, 'ameertest1', '12345', '97804602home-t-shirts.gif', 'Fardeen', '12345', '12345', 2, 4, 'abc', 'hello', NULL, 2, 0, '', '', 0, 0),
(23, 24, 'ameertest1', '12345', '808483403.PNG', 'Fardeen', '12345', '12345', 2, 17, 'abc', 'hello', NULL, 2, 0, '', '', 0, 0),
(26, 27, 'referger', 'gregerg', '406636.webp', 'regreg', 'erger', 'gergerg', 23, 23, 'ergreg', 'regre', NULL, 0, 0, '', '', 0, 0),
(27, 28, 'ewrt4t', 'ertgregreg', '282336.webp', 'dfgdrgdrdrg', 'regre', 'gregre', 20, 12, 'ergreg', 'rdgrdg', NULL, 20, 0, '', '', 0, 0),
(28, 29, 'tgghtrh', 'trhtrh', '528636.webp', 'trhtrhtr', 'htrhrt', 'htrht', 345, 34, 'trhtrhrth', 'gbgfhgf', NULL, 3, 2, 're dgregre', 't hgtrghreg', 0, 0),
(29, 30, 'tgghtrh', 'trhtrh', '528636.webp', 'trhtrhtr', 'htrhrt', 'htrht', 345, 34, 'trhtrhrth', 'gbgfhgf', NULL, 0, 0, '', '', 0, 0),
(30, 31, '47', '65', '79753.PNG', '765', '765', '7', 765, 5, '765', '576', NULL, 0, 0, '', '', 0, 0),
(31, 32, 'FBA', 'Bed Bath & Beyond', '76262.png2wbmp(pngname, wbmpname, dest_height, dest_width, threshold)', '60', 'B07YTCZLZQ', 'N/A', 3, 0, '139204187719, 182825925794', 'N/A', '3 Pac', 0, 0, '', '', 0, 0),
(32, 33, 'FBA', 'Walgreens', '76262.png2wbmp(pngname, wbmpname, dest_height, dest_width, threshold)', '72', 'B07CKFPT33', 'N/A', 0, 0, '186377410937, 186484543590, 186377409061, 186484543616, 186484543579, 9205590107698935401395\n\n\n', 'N/A', 'Stand', 0, 0, '', '', 0, 0),
(33, 34, 'FBA', 'Sally Beauty', '76262.png2wbmp(pngname, wbmpname, dest_height, dest_width, threshold)', '14', 'B07H8SMGCJ', 'N/A', 2, 0, '1Z8V779Y0305712678, (1Z8V779Y0305712687- arrived 3/31 w/ 1 damaged 11 good), 1Z8V779Y0305729759, 1Z8V779Y0305712650, 1Z8V779Y0305712669, 1Z8V779Y0305726387, ', 'N/A', '2 Pac', 0, 0, '', '', 0, 0),
(34, 35, 'FBA', 'Walgreens', '76262.png2wbmp(pngname, wbmpname, dest_height, dest_width, threshold)', '72', 'B07CKFPT33 ', 'N/A', 0, 0, '191396869566, 191396869614, 190552691882, 191396892851, 191425307417, 190078323604, 191396906358', 'N/A', 'Stand', 0, 0, '', '', 0, 0),
(35, 36, 'FBA', 'Target', '76262.png2wbmp(pngname, wbmpname, dest_height, dest_width, threshold)', '90', 'B00E3B3CZC', 'N/A', 0, 0, '1Z3Y57290341216246, 1ZY8R0720342774830, 1ZY8F7420341601975, 1ZY8F7340341209085, 1ZV98F480340874887, 1Z300WW60341613386, 907742842058, 1ZF699E80361019650, 907742902208', 'N/A', 'Stand', 0, 0, '', '', 0, 0),
(36, 37, 'FBA', 'Bed Bath & Beyond', '76262.png2wbmp(pngname, wbmpname, dest_height, dest_width, threshold)', '20', 'B07D7P2NLW', 'N/A', 2, 0, '906433550699', 'N/A', '2 Pac', 0, 0, '', '', 0, 0),
(37, 38, 'FBA', 'Enirely Pets', '76262.png2wbmp(pngname, wbmpname, dest_height, dest_width, threshold)', '25', 'B07P7834WM ', 'N/A', 0, 0, '396710905940', 'N/A', 'Stand', 0, 0, '', '', 0, 0),
(38, 39, 'FBA', 'Petco', '76262.png2wbmp(pngname, wbmpname, dest_height, dest_width, threshold)', '40', 'B01CKB4ZWA ', 'N/A', 0, 0, '1Z88W08A0350320726, 1Z88T1T50350399369, 1Z88V4380350467584', 'N/A', 'Stand', 0, 0, '', '', 0, 0),
(39, 40, 'FBA', 'Michaels', '76262.png2wbmp(pngname, wbmpname, dest_height, dest_width, threshold)', '30', 'B07QNLR2P4 ', 'N/A', 0, 0, 'Scoring Stylus\nSKU# 2006699', 'N/A', 'Stand', 0, 0, '', '', 0, 0),
(40, 41, 'FBA', 'Chewy', '76262.png2wbmp(pngname, wbmpname, dest_height, dest_width, threshold)', '50', 'B00164S1ZK', 'N/A', 0, 0, '188479512941', 'N/A', 'Stand', 0, 0, '', '', 0, 0),
(41, 42, 'FBA', 'Petco', '76262.png2wbmp(pngname, wbmpname, dest_height, dest_width, threshold)', '30', 'B07QHJC8VY', 'N/A', 2, 0, '1Z878R7A0310791786, 1ZE1X2870308272645', 'N/A', '2 Ite', 0, 0, '', '', 0, 0),
(42, 43, 'FBA', 'Petco', '76262.png2wbmp(pngname, wbmpname, dest_height, dest_width, threshold)', '60', 'B07DFDF897 ', 'N/A', 2, 0, '1Z878R9E0352885267,1Z878R9E0304908171', 'N/A', '2 Pac', 0, 0, '', '', 0, 0),
(43, 44, 'FBA', 'Walmart', '76262.png2wbmp(pngname, wbmpname, dest_height, dest_width, threshold)', '30', 'B07GPB66P8 ', 'N/A', 0, 0, '915854140256', 'N/A', 'Stand', 0, 0, '', '', 0, 0),
(44, 45, 'FBA', 'Walgreens', '76262.png2wbmp(pngname, wbmpname, dest_height, dest_width, threshold)', '72', 'B084TV68VB ', 'N/A', 2, 0, '911808075209, 911810829749, 911810826658, 911808075643, 911810826338, 911810829668', 'N/A', '2 Ite', 0, 0, '', '', 0, 0),
(45, 46, 'FBA', 'Miotech Store', '76262.png2wbmp(pngname, wbmpname, dest_height, dest_width, threshold)', '36', 'B0184V2MXE', 'N/A', 0, 0, '912082682840', 'N/A', 'Stand', 0, 0, '', '', 0, 0),
(46, 47, 'FBA', 'Juvias Place', '76262.png2wbmp(pngname, wbmpname, dest_height, dest_width, threshold)', '80', 'B01L9UT37U', 'N/A', 0, 0, '396014508175', 'N/A', 'Stand', 0, 0, '', '', 0, 0),
(47, 48, 'FBA', 'Sally Beauty', '76262.png2wbmp(pngname, wbmpname, dest_height, dest_width, threshold)', '50', 'B004FVSLLK', 'N/A', 0, 0, '1Z8V78A00310244144, 1Z8V78A00310244153, 1Z8V78A00310244162, 1Z8V78A00310244171, 1Z8V78A00310247785', 'N/A', 'Stand', 0, 0, '', '', 0, 0),
(48, 49, 'FBA', 'Vitacost', '3231depositphotos_19348025-stock-illustration-100-satisfaction-guaranteed-gold-label.jpg', '106', 'B06Y1B184J', 'N/A', 2, 0, '911722167031, 911722169300, 911722170391, 911722166506, 918059733926', 'N/A', '2 Pac', 0, 0, '', '', 0, 0),
(49, 50, 'FBA', 'Bed Bath & Beyond', '76262.png2wbmp(pngname, wbmpname, dest_height, dest_width, threshold)', '60', 'B07YTCZLZQ', 'N/A', 3, 0, '139204187719, 182825925794', 'N/A', '3 Pac', 0, 0, '', '', 0, 0),
(50, 51, 'FBA', 'Walgreens', '76262.png2wbmp(pngname, wbmpname, dest_height, dest_width, threshold)', '72', 'B07CKFPT33', 'N/A', 0, 0, '186377410937, 186484543590, 186377409061, 186484543616, 186484543579, 9205590107698935401395\n\n\n', 'N/A', 'Stand', 0, 0, '', '', 0, 0),
(51, 52, 'FBA', 'Sally Beauty', '76262.png2wbmp(pngname, wbmpname, dest_height, dest_width, threshold)', '14', 'B07H8SMGCJ', 'N/A', 2, 0, '1Z8V779Y0305712678, (1Z8V779Y0305712687- arrived 3/31 w/ 1 damaged 11 good), 1Z8V779Y0305729759, 1Z8V779Y0305712650, 1Z8V779Y0305712669, 1Z8V779Y0305726387, ', 'N/A', '2 Pac', 0, 0, '', '', 0, 0),
(52, 53, 'FBA', 'Walgreens', '76262.png2wbmp(pngname, wbmpname, dest_height, dest_width, threshold)', '72', 'B07CKFPT33 ', 'N/A', 0, 0, '191396869566, 191396869614, 190552691882, 191396892851, 191425307417, 190078323604, 191396906358', 'N/A', 'Stand', 0, 0, '', '', 0, 0),
(53, 54, 'FBA', 'Target', '76262.png2wbmp(pngname, wbmpname, dest_height, dest_width, threshold)', '90', 'B00E3B3CZC', 'N/A', 0, 0, '1Z3Y57290341216246, 1ZY8R0720342774830, 1ZY8F7420341601975, 1ZY8F7340341209085, 1ZV98F480340874887, 1Z300WW60341613386, 907742842058, 1ZF699E80361019650, 907742902208', 'N/A', 'Stand', 0, 0, '', '', 0, 0),
(54, 55, 'FBA', 'Bed Bath & Beyond', '76262.png2wbmp(pngname, wbmpname, dest_height, dest_width, threshold)', '20', 'B07D7P2NLW', 'N/A', 2, 0, '906433550699', 'N/A', '2 Pac', 0, 0, '', '', 0, 0),
(55, 56, 'FBA', 'Enirely Pets', '76262.png2wbmp(pngname, wbmpname, dest_height, dest_width, threshold)', '25', 'B07P7834WM ', 'N/A', 0, 0, '396710905940', 'N/A', 'Stand', 0, 0, '', '', 0, 0),
(56, 57, 'FBA', 'Petco', '76262.png2wbmp(pngname, wbmpname, dest_height, dest_width, threshold)', '40', 'B01CKB4ZWA ', 'N/A', 0, 0, '1Z88W08A0350320726, 1Z88T1T50350399369, 1Z88V4380350467584', 'N/A', 'Stand', 0, 0, '', '', 0, 0),
(57, 58, 'FBA', 'Michaels', '76262.png2wbmp(pngname, wbmpname, dest_height, dest_width, threshold)', '30', 'B07QNLR2P4 ', 'N/A', 0, 0, 'Scoring Stylus\nSKU# 2006699', 'N/A', 'Stand', 0, 0, '', '', 0, 0),
(58, 59, 'FBA', 'Chewy', '76262.png2wbmp(pngname, wbmpname, dest_height, dest_width, threshold)', '50', 'B00164S1ZK', 'N/A', 0, 0, '188479512941', 'N/A', 'Stand', 0, 0, '', '', 0, 0),
(59, 60, 'FBA', 'Petco', '76262.png2wbmp(pngname, wbmpname, dest_height, dest_width, threshold)', '30', 'B07QHJC8VY', 'N/A', 2, 0, '1Z878R7A0310791786, 1ZE1X2870308272645', 'N/A', '2 Ite', 0, 0, '', '', 0, 0),
(60, 61, 'FBA', 'Petco', '76262.png2wbmp(pngname, wbmpname, dest_height, dest_width, threshold)', '60', 'B07DFDF897 ', 'N/A', 2, 0, '1Z878R9E0352885267,1Z878R9E0304908171', 'N/A', '2 Pac', 0, 0, '', '', 0, 0),
(61, 62, 'FBA', 'Walmart', '76262.png2wbmp(pngname, wbmpname, dest_height, dest_width, threshold)', '30', 'B07GPB66P8 ', 'N/A', 0, 0, '915854140256', 'N/A', 'Stand', 0, 0, '', '', 0, 0),
(62, 63, 'FBA', 'Walgreens', '76262.png2wbmp(pngname, wbmpname, dest_height, dest_width, threshold)', '72', 'B084TV68VB ', 'N/A', 2, 0, '911808075209, 911810829749, 911810826658, 911808075643, 911810826338, 911810829668', 'N/A', '2 Ite', 0, 0, '', '', 0, 0),
(63, 64, 'FBA', 'Miotech Store', '76262.png2wbmp(pngname, wbmpname, dest_height, dest_width, threshold)', '36', 'B0184V2MXE', 'N/A', 0, 0, '912082682840', 'N/A', 'Stand', 0, 0, '', '', 0, 0),
(64, 65, 'FBA', 'Juvias Place', '76262.png2wbmp(pngname, wbmpname, dest_height, dest_width, threshold)', '80', 'B01L9UT37U', 'N/A', 0, 0, '396014508175', 'N/A', 'Stand', 0, 0, '', '', 0, 0),
(65, 66, 'FBA', 'Sally Beauty', '76262.png2wbmp(pngname, wbmpname, dest_height, dest_width, threshold)', '50', 'B004FVSLLK', 'N/A', 0, 0, '1Z8V78A00310244144, 1Z8V78A00310244153, 1Z8V78A00310244162, 1Z8V78A00310244171, 1Z8V78A00310247785', 'N/A', 'Stand', 0, 0, '', '', 0, 0),
(66, 67, 'FBA', 'Vitacost', '76262.png2wbmp(pngname, wbmpname, dest_height, dest_width, threshold)', '106', 'B06Y1B184J', 'N/A', 2, 0, '911722167031, 911722169300, 911722170391, 911722166506, 918059733926', 'N/A', '2 Pac', 0, 0, '', '', 0, 0),
(67, 68, 'FBA', 'Bed Bath & Beyond', '76262.png2wbmp(pngname, wbmpname, dest_height, dest_width, threshold)', '60', 'B07YTCZLZQ', 'N/A', 3, 0, '139204187719, 182825925794', 'N/A', '3 Pac', 0, 0, '', '', 0, 0),
(68, 69, 'FBA', 'Walgreens', '76262.png2wbmp(pngname, wbmpname, dest_height, dest_width, threshold)', '72', 'B07CKFPT33', 'N/A', 0, 0, '186377410937, 186484543590, 186377409061, 186484543616, 186484543579, 9205590107698935401395\n\n\n', 'N/A', 'Stand', 0, 0, '', '', 0, 0),
(69, 70, 'FBA', 'Sally Beauty', '76262.png2wbmp(pngname, wbmpname, dest_height, dest_width, threshold)', '14', 'B07H8SMGCJ', 'N/A', 2, 0, '1Z8V779Y0305712678, (1Z8V779Y0305712687- arrived 3/31 w/ 1 damaged 11 good), 1Z8V779Y0305729759, 1Z8V779Y0305712650, 1Z8V779Y0305712669, 1Z8V779Y0305726387, ', 'N/A', '2 Pac', 0, 0, '', '', 0, 0),
(70, 71, 'FBA', 'Walgreens', '76262.png2wbmp(pngname, wbmpname, dest_height, dest_width, threshold)', '72', 'B07CKFPT33 ', 'N/A', 0, 0, '191396869566, 191396869614, 190552691882, 191396892851, 191425307417, 190078323604, 191396906358', 'N/A', 'Stand', 0, 0, '', '', 0, 0),
(71, 72, 'FBA', 'Target', '76262.png2wbmp(pngname, wbmpname, dest_height, dest_width, threshold)', '90', 'B00E3B3CZC', 'N/A', 0, 0, '1Z3Y57290341216246, 1ZY8R0720342774830, 1ZY8F7420341601975, 1ZY8F7340341209085, 1ZV98F480340874887, 1Z300WW60341613386, 907742842058, 1ZF699E80361019650, 907742902208', 'N/A', 'Stand', 0, 0, '', '', 0, 0),
(72, 73, 'FBA', 'Bed Bath & Beyond', '76262.png2wbmp(pngname, wbmpname, dest_height, dest_width, threshold)', '20', 'B07D7P2NLW', 'N/A', 2, 0, '906433550699', 'N/A', '2 Pac', 0, 0, '', '', 0, 0),
(73, 74, 'FBA', 'Enirely Pets', '76262.png2wbmp(pngname, wbmpname, dest_height, dest_width, threshold)', '25', 'B07P7834WM ', 'N/A', 0, 0, '396710905940', 'N/A', 'Stand', 0, 0, '', '', 0, 0),
(74, 75, 'FBA', 'Petco', '76262.png2wbmp(pngname, wbmpname, dest_height, dest_width, threshold)', '40', 'B01CKB4ZWA ', 'N/A', 0, 0, '1Z88W08A0350320726, 1Z88T1T50350399369, 1Z88V4380350467584', 'N/A', 'Stand', 0, 0, '', '', 0, 0),
(75, 76, 'FBA', 'Michaels', '76262.png2wbmp(pngname, wbmpname, dest_height, dest_width, threshold)', '30', 'B07QNLR2P4 ', 'N/A', 0, 0, 'Scoring Stylus\nSKU# 2006699', 'N/A', 'Stand', 0, 0, '', '', 0, 0),
(76, 77, 'FBA', 'Chewy', '76262.png2wbmp(pngname, wbmpname, dest_height, dest_width, threshold)', '50', 'B00164S1ZK', 'N/A', 0, 0, '188479512941', 'N/A', 'Stand', 0, 0, '', '', 0, 0),
(77, 78, 'FBA', 'Petco', '76262.png2wbmp(pngname, wbmpname, dest_height, dest_width, threshold)', '30', 'B07QHJC8VY', 'N/A', 2, 0, '1Z878R7A0310791786, 1ZE1X2870308272645', 'N/A', '2 Ite', 0, 0, '', '', 0, 0),
(78, 79, 'FBA', 'Petco', '76262.png2wbmp(pngname, wbmpname, dest_height, dest_width, threshold)', '60', 'B07DFDF897 ', 'N/A', 2, 0, '1Z878R9E0352885267,1Z878R9E0304908171', 'N/A', '2 Pac', 0, 0, '', '', 0, 0),
(79, 80, 'FBA', 'Walmart', '76262.png2wbmp(pngname, wbmpname, dest_height, dest_width, threshold)', '30', 'B07GPB66P8 ', 'N/A', 0, 0, '915854140256', 'N/A', 'Stand', 0, 0, '', '', 0, 0),
(80, 81, 'FBA', 'Walgreens', '76262.png2wbmp(pngname, wbmpname, dest_height, dest_width, threshold)', '72', 'B084TV68VB ', 'N/A', 2, 0, '911808075209, 911810829749, 911810826658, 911808075643, 911810826338, 911810829668', 'N/A', '2 Ite', 0, 0, '', '', 0, 0),
(81, 82, 'FBA', 'Miotech Store', '76262.png2wbmp(pngname, wbmpname, dest_height, dest_width, threshold)', '36', 'B0184V2MXE', 'N/A', 0, 0, '912082682840', 'N/A', 'Stand', 0, 0, '', '', 0, 0),
(82, 83, 'FBA', 'Juvias Place', '76262.png2wbmp(pngname, wbmpname, dest_height, dest_width, threshold)', '80', 'B01L9UT37U', 'N/A', 0, 0, '396014508175', 'N/A', 'Stand', 0, 0, '', '', 0, 0),
(83, 84, 'FBA', 'Sally Beauty', '76262.png2wbmp(pngname, wbmpname, dest_height, dest_width, threshold)', '50', 'B004FVSLLK', 'N/A', 0, 0, '1Z8V78A00310244144, 1Z8V78A00310244153, 1Z8V78A00310244162, 1Z8V78A00310244171, 1Z8V78A00310247785', 'N/A', 'Stand', 0, 0, '', '', 0, 0),
(84, 85, 'FBA', 'Vitacost', '76262.png2wbmp(pngname, wbmpname, dest_height, dest_width, threshold)', '106', 'B06Y1B184J', 'N/A', 2, 0, '911722167031, 911722169300, 911722170391, 911722166506, 918059733926', 'N/A', '2 Pac', 0, 0, '', '', 0, 0),
(85, 86, 'B07YTCZLZQ', '60', '76262.png2wbmp(pngname, wbmpname, dest_height, dest_width, threshold)', 'Bed Bath & Beyond', '139204187719, 182825925794', 'N/A', 3, 0, 'FBA', 'N/A', '3 Pac', 0, 0, '', '', 0, 0),
(86, 87, 'B07CKFPT33', '72', '76262.png2wbmp(pngname, wbmpname, dest_height, dest_width, threshold)', 'Walgreens', '186377410937, 186484543590, 186377409061, 186484543616, 186484543579, 9205590107698935401395\n\n\n', 'N/A', 0, 0, 'FBA', 'N/A', 'Stand', 0, 0, '', '', 0, 0),
(87, 88, 'B07H8SMGCJ', '14', '76262.png2wbmp(pngname, wbmpname, dest_height, dest_width, threshold)', 'Sally Beauty', '1Z8V779Y0305712678, (1Z8V779Y0305712687- arrived 3/31 w/ 1 damaged 11 good), 1Z8V779Y0305729759, 1Z8V779Y0305712650, 1Z8V779Y0305712669, 1Z8V779Y0305726387, ', 'N/A', 2, 0, 'FBA', 'N/A', '2 Pac', 0, 0, '', '', 0, 0),
(88, 89, 'B07CKFPT33 ', '72', '76262.png2wbmp(pngname, wbmpname, dest_height, dest_width, threshold)', 'Walgreens', '191396869566, 191396869614, 190552691882, 191396892851, 191425307417, 190078323604, 191396906358', 'N/A', 0, 0, 'FBA', 'N/A', 'Stand', 0, 0, '', '', 0, 0),
(89, 90, 'B00E3B3CZC', '90', '76262.png2wbmp(pngname, wbmpname, dest_height, dest_width, threshold)', 'Target', '1Z3Y57290341216246, 1ZY8R0720342774830, 1ZY8F7420341601975, 1ZY8F7340341209085, 1ZV98F480340874887, 1Z300WW60341613386, 907742842058, 1ZF699E80361019650, 907742902208', 'N/A', 0, 0, 'FBA', 'N/A', 'Stand', 0, 0, '', '', 0, 0),
(90, 91, 'B07D7P2NLW', '20', '76262.png2wbmp(pngname, wbmpname, dest_height, dest_width, threshold)', 'Bed Bath & Beyond', '906433550699', 'N/A', 2, 0, 'FBA', 'N/A', '2 Pac', 0, 0, '', '', 0, 0),
(91, 92, 'B07P7834WM ', '25', '76262.png2wbmp(pngname, wbmpname, dest_height, dest_width, threshold)', 'Enirely Pets', '396710905940', 'N/A', 0, 0, 'FBA', 'N/A', 'Stand', 0, 0, '', '', 0, 0),
(92, 93, 'B01CKB4ZWA ', '40', '76262.png2wbmp(pngname, wbmpname, dest_height, dest_width, threshold)', 'Petco', '1Z88W08A0350320726, 1Z88T1T50350399369, 1Z88V4380350467584', 'N/A', 0, 0, 'FBA', 'N/A', 'Stand', 0, 0, '', '', 0, 0),
(93, 94, 'B07QNLR2P4 ', '30', '76262.png2wbmp(pngname, wbmpname, dest_height, dest_width, threshold)', 'Michaels', 'Scoring Stylus\nSKU# 2006699', 'N/A', 0, 0, 'FBA', 'N/A', 'Stand', 0, 0, '', '', 0, 0),
(94, 95, 'B00164S1ZK', '50', '76262.png2wbmp(pngname, wbmpname, dest_height, dest_width, threshold)', 'Chewy', '188479512941', 'N/A', 0, 0, 'FBA', 'N/A', 'Stand', 0, 0, '', '', 0, 0),
(95, 96, 'B07QHJC8VY', '30', '76262.png2wbmp(pngname, wbmpname, dest_height, dest_width, threshold)', 'Petco', '1Z878R7A0310791786, 1ZE1X2870308272645', 'N/A', 2, 0, 'FBA', 'N/A', '2 Ite', 0, 0, '', '', 0, 0),
(96, 97, 'B07DFDF897 ', '60', '76262.png2wbmp(pngname, wbmpname, dest_height, dest_width, threshold)', 'Petco', '1Z878R9E0352885267,1Z878R9E0304908171', 'N/A', 2, 0, 'FBA', 'N/A', '2 Pac', 0, 0, '', '', 0, 0),
(97, 98, 'B07GPB66P8 ', '30', '76262.png2wbmp(pngname, wbmpname, dest_height, dest_width, threshold)', 'Walmart', '915854140256', 'N/A', 0, 0, 'FBA', 'N/A', 'Stand', 0, 0, '', '', 0, 0),
(98, 99, 'B084TV68VB ', '72', '76262.png2wbmp(pngname, wbmpname, dest_height, dest_width, threshold)', 'Walgreens', '911808075209, 911810829749, 911810826658, 911808075643, 911810826338, 911810829668', 'N/A', 2, 0, 'FBA', 'N/A', '2 Ite', 0, 0, '', '', 0, 0),
(99, 100, 'B0184V2MXE', '36', '76262.png2wbmp(pngname, wbmpname, dest_height, dest_width, threshold)', 'Miotech Store', '912082682840', 'N/A', 0, 0, 'FBA', 'N/A', 'Stand', 0, 0, '', '', 0, 0),
(100, 101, 'B01L9UT37U', '80', '76262.png2wbmp(pngname, wbmpname, dest_height, dest_width, threshold)', 'Juvias Place', '396014508175', 'N/A', 0, 0, 'FBA', 'N/A', 'Stand', 0, 0, '', '', 0, 0),
(101, 102, 'B004FVSLLK', '50', '76262.png2wbmp(pngname, wbmpname, dest_height, dest_width, threshold)', 'Sally Beauty', '1Z8V78A00310244144, 1Z8V78A00310244153, 1Z8V78A00310244162, 1Z8V78A00310244171, 1Z8V78A00310247785', 'N/A', 0, 0, 'FBA', 'N/A', 'Stand', 0, 0, '', '', 0, 0),
(102, 103, 'B06Y1B184J', '106', '76262.png2wbmp(pngname, wbmpname, dest_height, dest_width, threshold)', 'Vitacost', '911722167031, 911722169300, 911722170391, 911722166506, 918059733926', 'N/A', 2, 0, 'FBA', 'N/A', '2 Pac', 0, 0, '', '', 0, 0),
(103, 109, 'N/A', '60', '76262.png2wbmp(pngname, wbmpname, dest_height, dest_width, threshold)', 'Bed Bath & Beyond', '139204187719, 182825925794', 'N/A', 0, 0, 'FBA', '3 Pa+K2:K13ck (3 packs of 3 ct)', 'B07YT', 0, 0, '', '', 0, 0),
(104, 110, 'N/A', '72', '76262.png2wbmp(pngname, wbmpname, dest_height, dest_width, threshold)', 'Walgreens', '186377410937, 186484543590, 186377409061, 186484543616, 186484543579, 9205590107698935401395\n\n\n', 'N/A', 0, 0, 'FBA', 'Standard Product Check-in', 'B07CK', 0, 0, '', '', 0, 0),
(105, 111, 'N/A', '14', '76262.png2wbmp(pngname, wbmpname, dest_height, dest_width, threshold)', 'Sally Beauty', '1Z8V779Y0305712678, (1Z8V779Y0305712687- arrived 3/31 w/ 1 damaged 11 good), 1Z8V779Y0305729759, 1Z8V779Y0305712650, 1Z8V779Y0305712669, 1Z8V779Y0305726387, ', 'N/A', 0, 0, 'FBA', '2 Pack', 'B07H8', 0, 0, '', '', 0, 0),
(106, 112, 'N/A', '72', '76262.png2wbmp(pngname, wbmpname, dest_height, dest_width, threshold)', 'Walgreens', '191396869566, 191396869614, 190552691882, 191396892851, 191425307417, 190078323604, 191396906358', 'N/A', 0, 0, 'FBA', 'Standard Product Check-in', 'B07CK', 0, 0, '', '', 0, 0),
(107, 113, 'N/A', '90', '76262.png2wbmp(pngname, wbmpname, dest_height, dest_width, threshold)', 'Target', '1Z3Y57290341216246, 1ZY8R0720342774830, 1ZY8F7420341601975, 1ZY8F7340341209085, 1ZV98F480340874887, 1Z300WW60341613386, 907742842058, 1ZF699E80361019650, 907742902208', 'N/A', 0, 0, 'FBA', 'Standard Product Check-in', 'B00E3', 0, 0, '', '', 0, 0),
(108, 114, 'N/A', '20', '76262.png2wbmp(pngname, wbmpname, dest_height, dest_width, threshold)', 'Bed Bath & Beyond', '906433550699', 'N/A', 0, 0, 'FBA', '2 Pack', 'B07D7', 0, 0, '', '', 0, 0),
(109, 115, 'N/A', '25', '76262.png2wbmp(pngname, wbmpname, dest_height, dest_width, threshold)', 'Enirely Pets', '396710905940', 'N/A', 0, 0, 'FBA', 'Standard Product Check-in', 'B07P7', 0, 0, '', '', 0, 0),
(110, 116, 'N/A', '40', '76262.png2wbmp(pngname, wbmpname, dest_height, dest_width, threshold)', 'Petco', '1Z88W08A0350320726, 1Z88T1T50350399369, 1Z88V4380350467584', 'N/A', 0, 0, 'FBA', 'Standard Product Check-in', 'B01CK', 0, 0, '', '', 0, 0),
(111, 117, 'N/A', '30', '76262.png2wbmp(pngname, wbmpname, dest_height, dest_width, threshold)', 'Michaels', 'Scoring Stylus\nSKU# 2006699', 'N/A', 0, 0, 'FBA', 'Standard Product Check-in', 'B07QN', 0, 0, '', '', 0, 0),
(112, 118, 'N/A', '50', '76262.png2wbmp(pngname, wbmpname, dest_height, dest_width, threshold)', 'Chewy', '188479512941', 'N/A', 0, 0, 'FBA', 'Standard Product Check-in', 'B0016', 0, 0, '', '', 0, 0),
(113, 119, 'N/A', '30', '76262.png2wbmp(pngname, wbmpname, dest_height, dest_width, threshold)', 'Petco', '1Z878R7A0310791786, 1ZE1X2870308272645', 'N/A', 0, 0, 'FBA', '2 Item Bundle', 'B07QH', 0, 0, '', '', 0, 0),
(114, 120, 'N/A', '60', '76262.png2wbmp(pngname, wbmpname, dest_height, dest_width, threshold)', 'Petco', '1Z878R9E0352885267,1Z878R9E0304908171', 'N/A', 0, 0, 'FBA', '2 Pack', 'B07DF', 0, 0, '', '', 0, 0),
(115, 121, 'N/A', '30', '76262.png2wbmp(pngname, wbmpname, dest_height, dest_width, threshold)', 'Walmart', '915854140256', 'N/A', 0, 0, 'FBA', 'Standard Product Check-in', 'B07GP', 0, 0, '', '', 0, 0),
(116, 122, 'N/A', '72', '76262.png2wbmp(pngname, wbmpname, dest_height, dest_width, threshold)', 'Walgreens', '911808075209, 911810829749, 911810826658, 911808075643, 911810826338, 911810829668', 'N/A', 0, 0, 'FBA', '2 Item Bundle', 'B084T', 0, 0, '', '', 0, 0),
(117, 123, 'N/A', '36', '76262.png2wbmp(pngname, wbmpname, dest_height, dest_width, threshold)', 'Miotech Store', '912082682840', 'N/A', 0, 0, 'FBA', 'Standard Product Check-in', 'B0184', 0, 0, '', '', 0, 0),
(118, 124, 'N/A', '80', '76262.png2wbmp(pngname, wbmpname, dest_height, dest_width, threshold)', 'Juvias Place', '396014508175', 'N/A', 0, 0, 'FBA', 'Standard Product Check-in', 'B01L9', 0, 0, '', '', 0, 0),
(119, 125, 'N/A', '50', '76262.png2wbmp(pngname, wbmpname, dest_height, dest_width, threshold)', 'Sally Beauty', '1Z8V78A00310244144, 1Z8V78A00310244153, 1Z8V78A00310244162, 1Z8V78A00310244171, 1Z8V78A00310247785', 'N/A', 0, 0, 'FBA', 'Standard Product Check-in', 'B004F', 0, 0, '', '', 0, 0),
(120, 126, 'N/A', '106', '76262.png2wbmp(pngname, wbmpname, dest_height, dest_width, threshold)', 'Vitacost', '911722167031, 911722169300, 911722170391, 911722166506, 918059733926', 'N/A', 0, 0, 'FBA', '2 Pack', 'B06Y1', 0, 0, '', '', 0, 0),
(121, 127, 'B07YTCZLZQ', '60', '76262.png2wbmp(pngname, wbmpname, dest_height, dest_width, threshold)', 'Bed Bath & Beyond', '139204187719, 182825925794', 'N/A', 0, 0, 'FBA', '3 Pa+K2:K13ck (3 packs of 3 ct)', 'N/A', 0, 0, '', '', 0, 0),
(122, 128, 'B07CKFPT33', '72', '76262.png2wbmp(pngname, wbmpname, dest_height, dest_width, threshold)', 'Walgreens', '186377410937, 186484543590, 186377409061, 186484543616, 186484543579, 9205590107698935401395\n\n\n', 'N/A', 0, 0, 'FBA', 'Standard Product Check-in', 'N/A', 0, 0, '', '', 0, 0),
(123, 129, 'B07H8SMGCJ', '14', '76262.png2wbmp(pngname, wbmpname, dest_height, dest_width, threshold)', 'Sally Beauty', '1Z8V779Y0305712678, (1Z8V779Y0305712687- arrived 3/31 w/ 1 damaged 11 good), 1Z8V779Y0305729759, 1Z8V779Y0305712650, 1Z8V779Y0305712669, 1Z8V779Y0305726387, ', 'N/A', 0, 0, 'FBA', '2 Pack', 'N/A', 0, 0, '', '', 0, 0),
(124, 130, 'B07CKFPT33 ', '72', '76262.png2wbmp(pngname, wbmpname, dest_height, dest_width, threshold)', 'Walgreens', '191396869566, 191396869614, 190552691882, 191396892851, 191425307417, 190078323604, 191396906358', 'N/A', 0, 0, 'FBA', 'Standard Product Check-in', 'N/A', 0, 0, '', '', 0, 0),
(125, 131, 'B00E3B3CZC', '90', '76262.png2wbmp(pngname, wbmpname, dest_height, dest_width, threshold)', 'Target', '1Z3Y57290341216246, 1ZY8R0720342774830, 1ZY8F7420341601975, 1ZY8F7340341209085, 1ZV98F480340874887, 1Z300WW60341613386, 907742842058, 1ZF699E80361019650, 907742902208', 'N/A', 0, 0, 'FBA', 'Standard Product Check-in', 'N/A', 0, 0, '', '', 0, 0),
(126, 132, 'B07D7P2NLW', '20', '76262.png2wbmp(pngname, wbmpname, dest_height, dest_width, threshold)', 'Bed Bath & Beyond', '906433550699', 'N/A', 0, 0, 'FBA', '2 Pack', 'N/A', 0, 0, '', '', 0, 0),
(127, 133, 'B07P7834WM ', '25', '76262.png2wbmp(pngname, wbmpname, dest_height, dest_width, threshold)', 'Enirely Pets', '396710905940', 'N/A', 0, 0, 'FBA', 'Standard Product Check-in', 'N/A', 0, 0, '', '', 0, 0),
(128, 134, 'B01CKB4ZWA ', '40', '76262.png2wbmp(pngname, wbmpname, dest_height, dest_width, threshold)', 'Petco', '1Z88W08A0350320726, 1Z88T1T50350399369, 1Z88V4380350467584', 'N/A', 0, 0, 'FBA', 'Standard Product Check-in', 'N/A', 0, 0, '', '', 0, 0),
(129, 135, 'B07QNLR2P4 ', '30', '76262.png2wbmp(pngname, wbmpname, dest_height, dest_width, threshold)', 'Michaels', 'Scoring Stylus\nSKU# 2006699', 'N/A', 0, 0, 'FBA', 'Standard Product Check-in', 'N/A', 0, 0, '', '', 0, 0),
(130, 136, 'B00164S1ZK', '50', '76262.png2wbmp(pngname, wbmpname, dest_height, dest_width, threshold)', 'Chewy', '188479512941', 'N/A', 0, 0, 'FBA', 'Standard Product Check-in', 'N/A', 0, 0, '', '', 0, 0),
(131, 137, 'B07QHJC8VY', '30', '76262.png2wbmp(pngname, wbmpname, dest_height, dest_width, threshold)', 'Petco', '1Z878R7A0310791786, 1ZE1X2870308272645', 'N/A', 0, 0, 'FBA', '2 Item Bundle', 'N/A', 0, 0, '', '', 0, 0),
(132, 138, 'B07DFDF897 ', '60', '76262.png2wbmp(pngname, wbmpname, dest_height, dest_width, threshold)', 'Petco', '1Z878R9E0352885267,1Z878R9E0304908171', 'N/A', 0, 0, 'FBA', '2 Pack', 'N/A', 0, 0, '', '', 0, 0),
(133, 139, 'B07GPB66P8 ', '30', '76262.png2wbmp(pngname, wbmpname, dest_height, dest_width, threshold)', 'Walmart', '915854140256', 'N/A', 0, 0, 'FBA', 'Standard Product Check-in', 'N/A', 0, 0, '', '', 0, 0),
(134, 140, 'B084TV68VB ', '72', '76262.png2wbmp(pngname, wbmpname, dest_height, dest_width, threshold)', 'Walgreens', '911808075209, 911810829749, 911810826658, 911808075643, 911810826338, 911810829668', 'N/A', 0, 0, 'FBA', '2 Item Bundle', 'N/A', 0, 0, '', '', 0, 0),
(135, 141, 'B0184V2MXE', '36', '76262.png2wbmp(pngname, wbmpname, dest_height, dest_width, threshold)', 'Miotech Store', '912082682840', 'N/A', 0, 0, 'FBA', 'Standard Product Check-in', 'N/A', 0, 0, '', '', 0, 0),
(136, 142, 'B01L9UT37U', '80', '76262.png2wbmp(pngname, wbmpname, dest_height, dest_width, threshold)', 'Juvias Place', '396014508175', 'N/A', 0, 0, 'FBA', 'Standard Product Check-in', 'N/A', 0, 0, '', '', 0, 0),
(137, 143, 'B004FVSLLK', '50', '76262.png2wbmp(pngname, wbmpname, dest_height, dest_width, threshold)', 'Sally Beauty', '1Z8V78A00310244144, 1Z8V78A00310244153, 1Z8V78A00310244162, 1Z8V78A00310244171, 1Z8V78A00310247785', 'N/A', 0, 0, 'FBA', 'Standard Product Check-in', 'N/A', 0, 0, '', '', 0, 0),
(138, 144, 'B06Y1B184J', '106', '76262.png2wbmp(pngname, wbmpname, dest_height, dest_width, threshold)', 'Vitacost', '911722167031, 911722169300, 911722170391, 911722166506, 918059733926', 'N/A', 0, 0, 'FBA', '2 Pack', 'N/A', 0, 0, '', '', 0, 0),
(139, 145, 'N/A', '60', '76262.png2wbmp(pngname, wbmpname, dest_height, dest_width, threshold)', 'Bed Bath & Beyond', '139204187719, 182825925794', 'N/A', 0, 0, 'FBA', '3 Pa+K2:K13ck (3 packs of 3 ct)', 'N/A', 0, 0, '', '', 0, 0),
(140, 146, 'N/A', '72', '76262.png2wbmp(pngname, wbmpname, dest_height, dest_width, threshold)', 'Walgreens', '186377410937, 186484543590, 186377409061, 186484543616, 186484543579, 9205590107698935401395\n\n\n', 'N/A', 0, 0, 'FBA', 'Standard Product Check-in', 'N/A', 0, 0, '', '', 0, 0),
(141, 147, 'N/A', '14', '76262.png2wbmp(pngname, wbmpname, dest_height, dest_width, threshold)', 'Sally Beauty', '1Z8V779Y0305712678, (1Z8V779Y0305712687- arrived 3/31 w/ 1 damaged 11 good), 1Z8V779Y0305729759, 1Z8V779Y0305712650, 1Z8V779Y0305712669, 1Z8V779Y0305726387, ', 'N/A', 0, 0, 'FBA', '2 Pack', 'N/A', 0, 0, '', '', 0, 0),
(142, 148, 'N/A', '72', '76262.png2wbmp(pngname, wbmpname, dest_height, dest_width, threshold)', 'Walgreens', '191396869566, 191396869614, 190552691882, 191396892851, 191425307417, 190078323604, 191396906358', 'N/A', 0, 0, 'FBA', 'Standard Product Check-in', 'N/A', 0, 0, '', '', 0, 0),
(143, 149, 'N/A', '90', '76262.png2wbmp(pngname, wbmpname, dest_height, dest_width, threshold)', 'Target', '1Z3Y57290341216246, 1ZY8R0720342774830, 1ZY8F7420341601975, 1ZY8F7340341209085, 1ZV98F480340874887, 1Z300WW60341613386, 907742842058, 1ZF699E80361019650, 907742902208', 'N/A', 0, 0, 'FBA', 'Standard Product Check-in', 'N/A', 0, 0, '', '', 0, 0),
(144, 150, 'N/A', '20', '76262.png2wbmp(pngname, wbmpname, dest_height, dest_width, threshold)', 'Bed Bath & Beyond', '906433550699', 'N/A', 0, 0, 'FBA', '2 Pack', 'N/A', 0, 0, '', '', 0, 0),
(145, 151, 'N/A', '25', '76262.png2wbmp(pngname, wbmpname, dest_height, dest_width, threshold)', 'Enirely Pets', '396710905940', 'N/A', 0, 0, 'FBA', 'Standard Product Check-in', 'N/A', 0, 0, '', '', 0, 0),
(146, 152, 'N/A', '40', '76262.png2wbmp(pngname, wbmpname, dest_height, dest_width, threshold)', 'Petco', '1Z88W08A0350320726, 1Z88T1T50350399369, 1Z88V4380350467584', 'N/A', 0, 0, 'FBA', 'Standard Product Check-in', 'N/A', 0, 0, '', '', 0, 0),
(147, 153, 'N/A', '30', '76262.png2wbmp(pngname, wbmpname, dest_height, dest_width, threshold)', 'Michaels', 'Scoring Stylus\nSKU# 2006699', 'N/A', 0, 0, 'FBA', 'Standard Product Check-in', 'N/A', 0, 0, '', '', 0, 0),
(148, 154, 'N/A', '50', '76262.png2wbmp(pngname, wbmpname, dest_height, dest_width, threshold)', 'Chewy', '188479512941', 'N/A', 0, 0, 'FBA', 'Standard Product Check-in', 'N/A', 0, 0, '', '', 0, 0),
(149, 155, 'N/A', '30', '76262.png2wbmp(pngname, wbmpname, dest_height, dest_width, threshold)', 'Petco', '1Z878R7A0310791786, 1ZE1X2870308272645', 'N/A', 0, 0, 'FBA', '2 Item Bundle', 'N/A', 0, 0, '', '', 0, 0),
(150, 156, 'N/A', '60', '76262.png2wbmp(pngname, wbmpname, dest_height, dest_width, threshold)', 'Petco', '1Z878R9E0352885267,1Z878R9E0304908171', 'N/A', 0, 0, 'FBA', '2 Pack', 'N/A', 0, 0, '', '', 0, 0),
(151, 157, 'N/A', '30', '76262.png2wbmp(pngname, wbmpname, dest_height, dest_width, threshold)', 'Walmart', '915854140256', 'N/A', 0, 0, 'FBA', 'Standard Product Check-in', 'N/A', 0, 0, '', '', 0, 0),
(152, 158, 'N/A', '72', '76262.png2wbmp(pngname, wbmpname, dest_height, dest_width, threshold)', 'Walgreens', '911808075209, 911810829749, 911810826658, 911808075643, 911810826338, 911810829668', 'N/A', 0, 0, 'FBA', '2 Item Bundle', 'N/A', 0, 0, '', '', 0, 0),
(153, 159, 'N/A', '36', '76262.png2wbmp(pngname, wbmpname, dest_height, dest_width, threshold)', 'Miotech Store', '912082682840', 'N/A', 0, 0, 'FBA', 'Standard Product Check-in', 'N/A', 0, 0, '', '', 0, 0),
(154, 160, 'N/A', '80', '76262.png2wbmp(pngname, wbmpname, dest_height, dest_width, threshold)', 'Juvias Place', '396014508175', 'N/A', 0, 0, 'FBA', 'Standard Product Check-in', 'N/A', 0, 0, '', '', 0, 0),
(155, 161, 'N/A', '50', '76262.png2wbmp(pngname, wbmpname, dest_height, dest_width, threshold)', 'Sally Beauty', '1Z8V78A00310244144, 1Z8V78A00310244153, 1Z8V78A00310244162, 1Z8V78A00310244171, 1Z8V78A00310247785', 'N/A', 0, 0, 'FBA', 'Standard Product Check-in', 'N/A', 0, 0, '', '', 0, 0),
(156, 162, 'N/A', '106', '76262.png2wbmp(pngname, wbmpname, dest_height, dest_width, threshold)', 'Vitacost', '911722167031, 911722169300, 911722170391, 911722166506, 918059733926', 'N/A', 0, 0, 'FBA', '2 Pack', 'N/A', 0, 0, '', '', 0, 0),
(157, 163, 'B', '60', '76262.png2wbmp(pngname, wbmpname, dest_height, dest_width, threshold)', 'Bed Bath & Beyond', '139204187719, 182825925794', 'C', 0, 0, 'FBA', '3 Pa+K2:K13ck (3 packs of 3 ct)', 'A', 0, 0, '', '', 0, 0),
(158, 164, 'B', '72', '76262.png2wbmp(pngname, wbmpname, dest_height, dest_width, threshold)', 'Walgreens', '186377410937, 186484543590, 186377409061, 186484543616, 186484543579, 9205590107698935401395\n\n\n', 'C', 0, 0, 'FBA', 'Standard Product Check-in', 'A', 0, 0, '', '', 0, 0),
(159, 165, 'B', '14', '76262.png2wbmp(pngname, wbmpname, dest_height, dest_width, threshold)', 'Sally Beauty', '1Z8V779Y0305712678, (1Z8V779Y0305712687- arrived 3/31 w/ 1 damaged 11 good), 1Z8V779Y0305729759, 1Z8V779Y0305712650, 1Z8V779Y0305712669, 1Z8V779Y0305726387, ', 'C', 0, 0, 'FBA', '2 Pack', 'A', 0, 0, '', '', 0, 0),
(160, 166, 'B', '72', '76262.png2wbmp(pngname, wbmpname, dest_height, dest_width, threshold)', 'Walgreens', '191396869566, 191396869614, 190552691882, 191396892851, 191425307417, 190078323604, 191396906358', 'C', 0, 0, 'FBA', 'Standard Product Check-in', 'A', 0, 0, '', '', 0, 0),
(161, 167, 'B', '90', '76262.png2wbmp(pngname, wbmpname, dest_height, dest_width, threshold)', 'Target', '1Z3Y57290341216246, 1ZY8R0720342774830, 1ZY8F7420341601975, 1ZY8F7340341209085, 1ZV98F480340874887, 1Z300WW60341613386, 907742842058, 1ZF699E80361019650, 907742902208', 'C', 0, 0, 'FBA', 'Standard Product Check-in', 'A', 0, 0, '', '', 0, 0),
(162, 168, 'B', '20', '76262.png2wbmp(pngname, wbmpname, dest_height, dest_width, threshold)', 'Bed Bath & Beyond', '906433550699', 'C', 0, 0, 'FBA', '2 Pack', 'A', 0, 0, '', '', 0, 0),
(163, 169, 'B', '25', '76262.png2wbmp(pngname, wbmpname, dest_height, dest_width, threshold)', 'Enirely Pets', '396710905940', 'C', 0, 0, 'FBA', 'Standard Product Check-in', 'A', 0, 0, '', '', 0, 0),
(164, 170, 'B', '40', '76262.png2wbmp(pngname, wbmpname, dest_height, dest_width, threshold)', 'Petco', '1Z88W08A0350320726, 1Z88T1T50350399369, 1Z88V4380350467584', 'C', 0, 0, 'FBA', 'Standard Product Check-in', 'A', 0, 0, '', '', 0, 0),
(165, 171, 'B', '30', '76262.png2wbmp(pngname, wbmpname, dest_height, dest_width, threshold)', 'Michaels', 'Scoring Stylus\nSKU# 2006699', 'C', 0, 0, 'FBA', 'Standard Product Check-in', 'A', 0, 0, '', '', 0, 0),
(166, 172, 'B', '50', '76262.png2wbmp(pngname, wbmpname, dest_height, dest_width, threshold)', 'Chewy', '188479512941', 'C', 0, 0, 'FBA', 'Standard Product Check-in', 'A', 0, 0, '', '', 0, 0),
(167, 173, 'B', '30', '76262.png2wbmp(pngname, wbmpname, dest_height, dest_width, threshold)', 'Petco', '1Z878R7A0310791786, 1ZE1X2870308272645', 'C', 0, 0, 'FBA', '2 Item Bundle', 'A', 0, 0, '', '', 0, 0),
(168, 174, 'B', '60', '76262.png2wbmp(pngname, wbmpname, dest_height, dest_width, threshold)', 'Petco', '1Z878R9E0352885267,1Z878R9E0304908171', 'C', 0, 0, 'FBA', '2 Pack', 'A', 0, 0, '', '', 0, 0),
(169, 175, 'B', '30', '76262.png2wbmp(pngname, wbmpname, dest_height, dest_width, threshold)', 'Walmart', '915854140256', 'C', 0, 0, 'FBA', 'Standard Product Check-in', 'A', 0, 0, '', '', 0, 0),
(170, 176, 'B', '72', '76262.png2wbmp(pngname, wbmpname, dest_height, dest_width, threshold)', 'Walgreens', '911808075209, 911810829749, 911810826658, 911808075643, 911810826338, 911810829668', 'C', 0, 0, 'FBA', '2 Item Bundle', 'A', 0, 0, '', '', 0, 0),
(171, 177, 'B', '36', '76262.png2wbmp(pngname, wbmpname, dest_height, dest_width, threshold)', 'Miotech Store', '912082682840', 'C', 0, 0, 'FBA', 'Standard Product Check-in', 'A', 0, 0, '', '', 0, 0),
(172, 178, 'B', '80', '76262.png2wbmp(pngname, wbmpname, dest_height, dest_width, threshold)', 'Juvias Place', '396014508175', 'C', 0, 0, 'FBA', 'Standard Product Check-in', 'A', 0, 0, '', '', 0, 0),
(173, 179, 'B', '50', '76262.png2wbmp(pngname, wbmpname, dest_height, dest_width, threshold)', 'Sally Beauty', '1Z8V78A00310244144, 1Z8V78A00310244153, 1Z8V78A00310244162, 1Z8V78A00310244171, 1Z8V78A00310247785', 'C', 0, 0, 'FBA', 'Standard Product Check-in', 'A', 0, 0, '', '', 0, 0),
(174, 180, 'B', '106', '76262.png2wbmp(pngname, wbmpname, dest_height, dest_width, threshold)', 'Vitacost', '911722167031, 911722169300, 911722170391, 911722166506, 918059733926', 'C', 0, 0, 'FBA', '2 Pack', 'A', 0, 0, '', '', 0, 0),
(175, 181, 'B', '60', '76262.png2wbmp(pngname, wbmpname, dest_height, dest_width, threshold)', 'Bed Bath & Beyond', '139204187719, 182825925794', 'B07YTCZLZQ', 0, 0, 'FBA', '3 Pa+K2:K13ck (3 packs of 3 ct)', 'A', 0, 0, '', '', 0, 0),
(176, 182, 'B', '72', '76262.png2wbmp(pngname, wbmpname, dest_height, dest_width, threshold)', 'Walgreens', '186377410937, 186484543590, 186377409061, 186484543616, 186484543579, 9205590107698935401395\n\n\n', 'B07CKFPT33', 0, 0, 'FBA', 'Standard Product Check-in', 'A', 0, 0, '', '', 0, 0),
(177, 183, 'B', '14', '76262.png2wbmp(pngname, wbmpname, dest_height, dest_width, threshold)', 'Sally Beauty', '1Z8V779Y0305712678, (1Z8V779Y0305712687- arrived 3/31 w/ 1 damaged 11 good), 1Z8V779Y0305729759, 1Z8V779Y0305712650, 1Z8V779Y0305712669, 1Z8V779Y0305726387, ', 'B07H8SMGCJ', 0, 0, 'FBA', '2 Pack', 'A', 0, 0, '', '', 0, 0),
(178, 184, 'B', '72', '76262.png2wbmp(pngname, wbmpname, dest_height, dest_width, threshold)', 'Walgreens', '191396869566, 191396869614, 190552691882, 191396892851, 191425307417, 190078323604, 191396906358', 'B07CKFPT33 ', 0, 0, 'FBA', 'Standard Product Check-in', 'A', 0, 0, '', '', 0, 0),
(179, 185, 'B', '90', '76262.png2wbmp(pngname, wbmpname, dest_height, dest_width, threshold)', 'Target', '1Z3Y57290341216246, 1ZY8R0720342774830, 1ZY8F7420341601975, 1ZY8F7340341209085, 1ZV98F480340874887, 1Z300WW60341613386, 907742842058, 1ZF699E80361019650, 907742902208', 'B00E3B3CZC', 0, 0, 'FBA', 'Standard Product Check-in', 'A', 0, 0, '', '', 0, 0),
(180, 186, 'B', '20', '76262.png2wbmp(pngname, wbmpname, dest_height, dest_width, threshold)', 'Bed Bath & Beyond', '906433550699', 'B07D7P2NLW', 0, 0, 'FBA', '2 Pack', 'A', 0, 0, '', '', 0, 0),
(181, 187, 'B', '25', '76262.png2wbmp(pngname, wbmpname, dest_height, dest_width, threshold)', 'Enirely Pets', '396710905940', 'B07P7834WM ', 0, 0, 'FBA', 'Standard Product Check-in', 'A', 0, 0, '', '', 0, 0),
(182, 188, 'B', '40', '76262.png2wbmp(pngname, wbmpname, dest_height, dest_width, threshold)', 'Petco', '1Z88W08A0350320726, 1Z88T1T50350399369, 1Z88V4380350467584', 'B01CKB4ZWA ', 0, 0, 'FBA', 'Standard Product Check-in', 'A', 0, 0, '', '', 0, 0),
(183, 189, 'B', '30', '76262.png2wbmp(pngname, wbmpname, dest_height, dest_width, threshold)', 'Michaels', 'Scoring Stylus\nSKU# 2006699', 'B07QNLR2P4 ', 0, 0, 'FBA', 'Standard Product Check-in', 'A', 0, 0, '', '', 0, 0),
(184, 190, 'B', '50', '76262.png2wbmp(pngname, wbmpname, dest_height, dest_width, threshold)', 'Chewy', '188479512941', 'B00164S1ZK', 0, 0, 'FBA', 'Standard Product Check-in', 'A', 0, 0, '', '', 0, 0),
(185, 191, 'B', '30', '76262.png2wbmp(pngname, wbmpname, dest_height, dest_width, threshold)', 'Petco', '1Z878R7A0310791786, 1ZE1X2870308272645', 'B07QHJC8VY', 0, 0, 'FBA', '2 Item Bundle', 'A', 0, 0, '', '', 0, 0),
(186, 192, 'B', '60', '76262.png2wbmp(pngname, wbmpname, dest_height, dest_width, threshold)', 'Petco', '1Z878R9E0352885267,1Z878R9E0304908171', 'B07DFDF897 ', 0, 0, 'FBA', '2 Pack', 'A', 0, 0, '', '', 0, 0),
(187, 193, 'B', '30', '76262.png2wbmp(pngname, wbmpname, dest_height, dest_width, threshold)', 'Walmart', '915854140256', 'B07GPB66P8 ', 0, 0, 'FBA', 'Standard Product Check-in', 'A', 0, 0, '', '', 0, 0),
(188, 194, 'B', '72', '76262.png2wbmp(pngname, wbmpname, dest_height, dest_width, threshold)', 'Walgreens', '911808075209, 911810829749, 911810826658, 911808075643, 911810826338, 911810829668', 'B084TV68VB ', 0, 0, 'FBA', '2 Item Bundle', 'A', 0, 0, '', '', 0, 0),
(189, 195, 'B', '36', '76262.png2wbmp(pngname, wbmpname, dest_height, dest_width, threshold)', 'Miotech Store', '912082682840', 'B0184V2MXE', 0, 0, 'FBA', 'Standard Product Check-in', 'A', 0, 0, '', '', 0, 0),
(190, 196, 'B', '80', '76262.png2wbmp(pngname, wbmpname, dest_height, dest_width, threshold)', 'Juvias Place', '396014508175', 'B01L9UT37U', 0, 0, 'FBA', 'Standard Product Check-in', 'A', 0, 0, '', '', 0, 0),
(191, 197, 'B', '50', '76262.png2wbmp(pngname, wbmpname, dest_height, dest_width, threshold)', 'Sally Beauty', '1Z8V78A00310244144, 1Z8V78A00310244153, 1Z8V78A00310244162, 1Z8V78A00310244171, 1Z8V78A00310247785', 'B004FVSLLK', 0, 0, 'FBA', 'Standard Product Check-in', 'A', 0, 0, '', '', 0, 0),
(192, 198, 'B', '106', '76262.png2wbmp(pngname, wbmpname, dest_height, dest_width, threshold)', 'Vitacost', '911722167031, 911722169300, 911722170391, 911722166506, 918059733926', 'B06Y1B184J', 0, 0, 'FBA', '2 Pack', 'A', 0, 0, '', '', 0, 0),
(193, 199, 'B', 'N/A', '76262.png2wbmp(pngname, wbmpname, dest_height, dest_width, threshold)', 'Bed Bath & Beyond', '139204187719, 182825925794', 'B07YTCZLZQ', 0, 1, 'FBA', '3 Pa+K2:K13ck (3 packs of 3 ct)', 'A', 0, 0, '', '', 0, 0),
(194, 200, 'B', 'N/A', '76262.png2wbmp(pngname, wbmpname, dest_height, dest_width, threshold)', 'Walgreens', '186377410937, 186484543590, 186377409061, 186484543616, 186484543579, 9205590107698935401395\n\n\n', 'B07CKFPT33', 0, 1, 'FBA', 'Standard Product Check-in', 'A', 0, 0, '', '', 0, 0),
(195, 201, 'B', 'N/A', '76262.png2wbmp(pngname, wbmpname, dest_height, dest_width, threshold)', 'Sally Beauty', '1Z8V779Y0305712678, (1Z8V779Y0305712687- arrived 3/31 w/ 1 damaged 11 good), 1Z8V779Y0305729759, 1Z8V779Y0305712650, 1Z8V779Y0305712669, 1Z8V779Y0305726387, ', 'B07H8SMGCJ', 0, 1, 'FBA', '2 Pack', 'A', 0, 0, '', '', 0, 0),
(196, 202, 'B', 'N/A', '76262.png2wbmp(pngname, wbmpname, dest_height, dest_width, threshold)', 'Walgreens', '191396869566, 191396869614, 190552691882, 191396892851, 191425307417, 190078323604, 191396906358', 'B07CKFPT33 ', 0, 1, 'FBA', 'Standard Product Check-in', 'A', 0, 0, '', '', 0, 0),
(197, 203, 'B', 'N/A', '76262.png2wbmp(pngname, wbmpname, dest_height, dest_width, threshold)', 'Target', '1Z3Y57290341216246, 1ZY8R0720342774830, 1ZY8F7420341601975, 1ZY8F7340341209085, 1ZV98F480340874887, 1Z300WW60341613386, 907742842058, 1ZF699E80361019650, 907742902208', 'B00E3B3CZC', 0, 1, 'FBA', 'Standard Product Check-in', 'A', 0, 0, '', '', 0, 0),
(198, 204, 'B', 'N/A', '76262.png2wbmp(pngname, wbmpname, dest_height, dest_width, threshold)', 'Bed Bath & Beyond', '906433550699', 'B07D7P2NLW', 0, 1, 'FBA', '2 Pack', 'A', 0, 0, '', '', 0, 0),
(199, 205, 'B', 'N/A', '76262.png2wbmp(pngname, wbmpname, dest_height, dest_width, threshold)', 'Enirely Pets', '396710905940', 'B07P7834WM ', 0, 1, 'FBA', 'Standard Product Check-in', 'A', 0, 0, '', '', 0, 0),
(200, 206, 'B', 'N/A', '76262.png2wbmp(pngname, wbmpname, dest_height, dest_width, threshold)', 'Petco', '1Z88W08A0350320726, 1Z88T1T50350399369, 1Z88V4380350467584', 'B01CKB4ZWA ', 0, 1, 'FBA', 'Standard Product Check-in', 'A', 0, 0, '', '', 0, 0),
(201, 207, 'B', 'N/A', '76262.png2wbmp(pngname, wbmpname, dest_height, dest_width, threshold)', 'Michaels', 'Scoring Stylus\nSKU# 2006699', 'B07QNLR2P4 ', 0, 1, 'FBA', 'Standard Product Check-in', 'A', 0, 0, '', '', 0, 0),
(202, 208, 'B', 'N/A', '76262.png2wbmp(pngname, wbmpname, dest_height, dest_width, threshold)', 'Chewy', '188479512941', 'B00164S1ZK', 0, 1, 'FBA', 'Standard Product Check-in', 'A', 0, 0, '', '', 0, 0),
(203, 209, 'B', 'N/A', '76262.png2wbmp(pngname, wbmpname, dest_height, dest_width, threshold)', 'Petco', '1Z878R7A0310791786, 1ZE1X2870308272645', 'B07QHJC8VY', 0, 1, 'FBA', '2 Item Bundle', 'A', 0, 0, '', '', 0, 0),
(204, 210, 'B', 'N/A', '76262.png2wbmp(pngname, wbmpname, dest_height, dest_width, threshold)', 'Petco', '1Z878R9E0352885267,1Z878R9E0304908171', 'B07DFDF897 ', 0, 1, 'FBA', '2 Pack', 'A', 0, 0, '', '', 0, 0),
(205, 211, 'B', 'N/A', '76262.png2wbmp(pngname, wbmpname, dest_height, dest_width, threshold)', 'Walmart', '915854140256', 'B07GPB66P8 ', 0, 1, 'FBA', 'Standard Product Check-in', 'A', 0, 0, '', '', 0, 0),
(206, 212, 'B', 'N/A', '76262.png2wbmp(pngname, wbmpname, dest_height, dest_width, threshold)', 'Walgreens', '911808075209, 911810829749, 911810826658, 911808075643, 911810826338, 911810829668', 'B084TV68VB ', 0, 1, 'FBA', '2 Item Bundle', 'A', 0, 0, '', '', 0, 0),
(207, 213, 'B', 'N/A', '76262.png2wbmp(pngname, wbmpname, dest_height, dest_width, threshold)', 'Miotech Store', '912082682840', 'B0184V2MXE', 0, 1, 'FBA', 'Standard Product Check-in', 'A', 0, 0, '', '', 0, 0),
(208, 214, 'B', 'N/A', '76262.png2wbmp(pngname, wbmpname, dest_height, dest_width, threshold)', 'Juvias Place', '396014508175', 'B01L9UT37U', 0, 1, 'FBA', 'Standard Product Check-in', 'A', 0, 0, '', '', 0, 0),
(209, 215, 'B', 'N/A', '76262.png2wbmp(pngname, wbmpname, dest_height, dest_width, threshold)', 'Sally Beauty', '1Z8V78A00310244144, 1Z8V78A00310244153, 1Z8V78A00310244162, 1Z8V78A00310244171, 1Z8V78A00310247785', 'B004FVSLLK', 0, 1, 'FBA', 'Standard Product Check-in', 'A', 0, 0, '', '', 0, 0),
(210, 216, 'B', 'N/A', '76262.png2wbmp(pngname, wbmpname, dest_height, dest_width, threshold)', 'Vitacost', '911722167031, 911722169300, 911722170391, 911722166506, 918059733926', 'B06Y1B184J', 0, 1, 'FBA', '2 Pack', 'A', 0, 0, '', '', 0, 0),
(211, 217, 'B', 'N/A', '76262.png2wbmp(pngname, wbmpname, dest_height, dest_width, threshold)', 'Bed Bath & Beyond', '139204187719, 182825925794', 'B07YTCZLZQ', 0, 1, 'FBA', '3 Pa+K2:K13ck (3 packs of 3 ct)', 'A', 0, 0, '', '', 0, 0),
(212, 218, 'B', 'N/A', '76262.png2wbmp(pngname, wbmpname, dest_height, dest_width, threshold)', 'Walgreens', '186377410937, 186484543590, 186377409061, 186484543616, 186484543579, 9205590107698935401395\n\n\n', 'B07CKFPT33', 0, 1, 'FBA', 'Standard Product Check-in', 'A', 0, 0, '', '', 0, 0),
(213, 219, 'B', 'N/A', '76262.png2wbmp(pngname, wbmpname, dest_height, dest_width, threshold)', 'Sally Beauty', '1Z8V779Y0305712678, (1Z8V779Y0305712687- arrived 3/31 w/ 1 damaged 11 good), 1Z8V779Y0305729759, 1Z8V779Y0305712650, 1Z8V779Y0305712669, 1Z8V779Y0305726387, ', 'B07H8SMGCJ', 0, 1, 'FBA', '2 Pack', 'A', 0, 0, '', '', 0, 0),
(214, 220, 'B', 'N/A', '76262.png2wbmp(pngname, wbmpname, dest_height, dest_width, threshold)', 'Walgreens', '191396869566, 191396869614, 190552691882, 191396892851, 191425307417, 190078323604, 191396906358', 'B07CKFPT33 ', 0, 1, 'FBA', 'Standard Product Check-in', 'A', 0, 0, '', '', 0, 0),
(215, 221, 'B', 'N/A', '76262.png2wbmp(pngname, wbmpname, dest_height, dest_width, threshold)', 'Target', '1Z3Y57290341216246, 1ZY8R0720342774830, 1ZY8F7420341601975, 1ZY8F7340341209085, 1ZV98F480340874887, 1Z300WW60341613386, 907742842058, 1ZF699E80361019650, 907742902208', 'B00E3B3CZC', 0, 1, 'FBA', 'Standard Product Check-in', 'A', 0, 0, '', '', 0, 0),
(216, 222, 'B', 'N/A', '76262.png2wbmp(pngname, wbmpname, dest_height, dest_width, threshold)', 'Bed Bath & Beyond', '906433550699', 'B07D7P2NLW', 0, 1, 'FBA', '2 Pack', 'A', 0, 0, '', '', 0, 0),
(217, 223, 'B', 'N/A', '76262.png2wbmp(pngname, wbmpname, dest_height, dest_width, threshold)', 'Enirely Pets', '396710905940', 'B07P7834WM ', 0, 1, 'FBA', 'Standard Product Check-in', 'A', 0, 0, '', '', 0, 0),
(218, 224, 'B', 'N/A', '76262.png2wbmp(pngname, wbmpname, dest_height, dest_width, threshold)', 'Petco', '1Z88W08A0350320726, 1Z88T1T50350399369, 1Z88V4380350467584', 'B01CKB4ZWA ', 0, 1, 'FBA', 'Standard Product Check-in', 'A', 0, 0, '', '', 0, 0),
(219, 225, 'B', 'N/A', '76262.png2wbmp(pngname, wbmpname, dest_height, dest_width, threshold)', 'Michaels', 'Scoring Stylus\nSKU# 2006699', 'B07QNLR2P4 ', 0, 1, 'FBA', 'Standard Product Check-in', 'A', 0, 0, '', '', 0, 0),
(220, 226, 'B', 'N/A', '76262.png2wbmp(pngname, wbmpname, dest_height, dest_width, threshold)', 'Chewy', '188479512941', 'B00164S1ZK', 0, 1, 'FBA', 'Standard Product Check-in', 'A', 0, 0, '', '', 0, 0),
(221, 227, 'B', 'N/A', '76262.png2wbmp(pngname, wbmpname, dest_height, dest_width, threshold)', 'Petco', '1Z878R7A0310791786, 1ZE1X2870308272645', 'B07QHJC8VY', 0, 1, 'FBA', '2 Item Bundle', 'A', 0, 0, '', '', 0, 0),
(222, 228, 'B', 'N/A', '76262.png2wbmp(pngname, wbmpname, dest_height, dest_width, threshold)', 'Petco', '1Z878R9E0352885267,1Z878R9E0304908171', 'B07DFDF897 ', 0, 1, 'FBA', '2 Pack', 'A', 0, 0, '', '', 0, 0),
(223, 229, 'B', 'N/A', '76262.png2wbmp(pngname, wbmpname, dest_height, dest_width, threshold)', 'Walmart', '915854140256', 'B07GPB66P8 ', 0, 1, 'FBA', 'Standard Product Check-in', 'A', 0, 0, '', '', 0, 0);
INSERT INTO `orders_more` (`order_more_id`, `order_id`, `upc`, `part_no`, `image`, `supplier`, `tracking_number`, `asin_number`, `qty`, `length`, `services`, `notes`, `quality`, `good_qty`, `bad_qty`, `location`, `recieved_notes`, `width`, `height`) VALUES
(224, 230, 'B', 'N/A', '76262.png2wbmp(pngname, wbmpname, dest_height, dest_width, threshold)', 'Walgreens', '911808075209, 911810829749, 911810826658, 911808075643, 911810826338, 911810829668', 'B084TV68VB ', 0, 1, 'FBA', '2 Item Bundle', 'A', 0, 0, '', '', 0, 0),
(225, 231, 'B', 'N/A', '76262.png2wbmp(pngname, wbmpname, dest_height, dest_width, threshold)', 'Miotech Store', '912082682840', 'B0184V2MXE', 0, 1, 'FBA', 'Standard Product Check-in', 'A', 0, 0, '', '', 0, 0),
(226, 232, 'B', 'N/A', '76262.png2wbmp(pngname, wbmpname, dest_height, dest_width, threshold)', 'Juvias Place', '396014508175', 'B01L9UT37U', 0, 1, 'FBA', 'Standard Product Check-in', 'A', 0, 0, '', '', 0, 0),
(227, 233, 'B', 'N/A', '76262.png2wbmp(pngname, wbmpname, dest_height, dest_width, threshold)', 'Sally Beauty', '1Z8V78A00310244144, 1Z8V78A00310244153, 1Z8V78A00310244162, 1Z8V78A00310244171, 1Z8V78A00310247785', 'B004FVSLLK', 0, 1, 'FBA', 'Standard Product Check-in', 'A', 0, 0, '', '', 0, 0),
(228, 234, 'B', 'N/A', '76262.png2wbmp(pngname, wbmpname, dest_height, dest_width, threshold)', 'Vitacost', '911722167031, 911722169300, 911722170391, 911722166506, 918059733926', 'B06Y1B184J', 0, 1, 'FBA', '2 Pack', 'A', 0, 0, '', '', 0, 0),
(229, 235, 'B', 'N/A', '76262.png2wbmp(pngname, wbmpname, dest_height, dest_width, threshold)', 'Bed Bath & Beyond', '139204187719, 182825925794', 'B07YTCZLZQ', 0, 1, 'FBA', '3 Pa+K2:K13ck (3 packs of 3 ct)', 'A', 0, 0, '', '', 0, 0),
(230, 236, 'B', 'N/A', '76262.png2wbmp(pngname, wbmpname, dest_height, dest_width, threshold)', 'Walgreens', '186377410937, 186484543590, 186377409061, 186484543616, 186484543579, 9205590107698935401395\n\n\n', 'B07CKFPT33', 0, 1, 'FBA', 'Standard Product Check-in', 'A', 0, 0, '', '', 0, 0),
(231, 237, 'B', 'N/A', '76262.png2wbmp(pngname, wbmpname, dest_height, dest_width, threshold)', 'Sally Beauty', '1Z8V779Y0305712678, (1Z8V779Y0305712687- arrived 3/31 w/ 1 damaged 11 good), 1Z8V779Y0305729759, 1Z8V779Y0305712650, 1Z8V779Y0305712669, 1Z8V779Y0305726387, ', 'B07H8SMGCJ', 0, 1, 'FBA', '2 Pack', 'A', 0, 0, '', '', 0, 0),
(232, 238, 'B', 'N/A', '76262.png2wbmp(pngname, wbmpname, dest_height, dest_width, threshold)', 'Walgreens', '191396869566, 191396869614, 190552691882, 191396892851, 191425307417, 190078323604, 191396906358', 'B07CKFPT33 ', 0, 1, 'FBA', 'Standard Product Check-in', 'A', 0, 0, '', '', 0, 0),
(233, 239, 'B', 'N/A', '76262.png2wbmp(pngname, wbmpname, dest_height, dest_width, threshold)', 'Target', '1Z3Y57290341216246, 1ZY8R0720342774830, 1ZY8F7420341601975, 1ZY8F7340341209085, 1ZV98F480340874887, 1Z300WW60341613386, 907742842058, 1ZF699E80361019650, 907742902208', 'B00E3B3CZC', 0, 1, 'FBA', 'Standard Product Check-in', 'A', 0, 0, '', '', 0, 0),
(234, 240, 'B', 'N/A', '76262.png2wbmp(pngname, wbmpname, dest_height, dest_width, threshold)', 'Bed Bath & Beyond', '906433550699', 'B07D7P2NLW', 0, 1, 'FBA', '2 Pack', 'A', 0, 0, '', '', 0, 0),
(235, 241, 'B', 'N/A', '76262.png2wbmp(pngname, wbmpname, dest_height, dest_width, threshold)', 'Enirely Pets', '396710905940', 'B07P7834WM ', 0, 1, 'FBA', 'Standard Product Check-in', 'A', 0, 0, '', '', 0, 0),
(236, 242, 'B', 'N/A', '76262.png2wbmp(pngname, wbmpname, dest_height, dest_width, threshold)', 'Petco', '1Z88W08A0350320726, 1Z88T1T50350399369, 1Z88V4380350467584', 'B01CKB4ZWA ', 0, 1, 'FBA', 'Standard Product Check-in', 'A', 0, 0, '', '', 0, 0),
(237, 243, 'B', 'N/A', '76262.png2wbmp(pngname, wbmpname, dest_height, dest_width, threshold)', 'Michaels', 'Scoring Stylus\nSKU# 2006699', 'B07QNLR2P4 ', 0, 1, 'FBA', 'Standard Product Check-in', 'A', 0, 0, '', '', 0, 0),
(238, 244, 'B', 'N/A', '76262.png2wbmp(pngname, wbmpname, dest_height, dest_width, threshold)', 'Chewy', '188479512941', 'B00164S1ZK', 0, 1, 'FBA', 'Standard Product Check-in', 'A', 0, 0, '', '', 0, 0),
(239, 245, 'B', 'N/A', '76262.png2wbmp(pngname, wbmpname, dest_height, dest_width, threshold)', 'Petco', '1Z878R7A0310791786, 1ZE1X2870308272645', 'B07QHJC8VY', 0, 1, 'FBA', '2 Item Bundle', 'A', 0, 0, '', '', 0, 0),
(240, 246, 'B', 'N/A', '76262.png2wbmp(pngname, wbmpname, dest_height, dest_width, threshold)', 'Petco', '1Z878R9E0352885267,1Z878R9E0304908171', 'B07DFDF897 ', 0, 1, 'FBA', '2 Pack', 'A', 0, 0, '', '', 0, 0),
(241, 247, 'B', 'N/A', '76262.png2wbmp(pngname, wbmpname, dest_height, dest_width, threshold)', 'Walmart', '915854140256', 'B07GPB66P8 ', 0, 1, 'FBA', 'Standard Product Check-in', 'A', 0, 0, '', '', 0, 0),
(242, 248, 'B', 'N/A', '76262.png2wbmp(pngname, wbmpname, dest_height, dest_width, threshold)', 'Walgreens', '911808075209, 911810829749, 911810826658, 911808075643, 911810826338, 911810829668', 'B084TV68VB ', 0, 1, 'FBA', '2 Item Bundle', 'A', 0, 0, '', '', 0, 0),
(243, 249, 'B', 'N/A', '76262.png2wbmp(pngname, wbmpname, dest_height, dest_width, threshold)', 'Miotech Store', '912082682840', 'B0184V2MXE', 0, 1, 'FBA', 'Standard Product Check-in', 'A', 0, 0, '', '', 0, 0),
(244, 250, 'B', 'N/A', '76262.png2wbmp(pngname, wbmpname, dest_height, dest_width, threshold)', 'Juvias Place', '396014508175', 'B01L9UT37U', 0, 1, 'FBA', 'Standard Product Check-in', 'A', 0, 0, '', '', 0, 0),
(245, 251, 'B', 'N/A', '76262.png2wbmp(pngname, wbmpname, dest_height, dest_width, threshold)', 'Sally Beauty', '1Z8V78A00310244144, 1Z8V78A00310244153, 1Z8V78A00310244162, 1Z8V78A00310244171, 1Z8V78A00310247785', 'B004FVSLLK', 0, 1, 'FBA', 'Standard Product Check-in', 'A', 0, 0, '', '', 0, 0),
(246, 252, 'B', 'N/A', '76262.png2wbmp(pngname, wbmpname, dest_height, dest_width, threshold)', 'Vitacost', '911722167031, 911722169300, 911722170391, 911722166506, 918059733926', 'B06Y1B184J', 0, 1, 'FBA', '2 Pack', 'A', 0, 0, '', '', 0, 0),
(247, 253, 'B', 'N/A', '76262.png2wbmp(pngname, wbmpname, dest_height, dest_width, threshold)', 'Bed Bath & Beyond', '139204187719, 182825925794', 'B07YTCZLZQ', 0, 1, 'FBA', '3 Pa+K2:K13ck (3 packs of 3 ct)', 'A', 0, 0, '', '', 0, 0),
(248, 254, 'B', 'N/A', '76262.png2wbmp(pngname, wbmpname, dest_height, dest_width, threshold)', 'Walgreens', '186377410937, 186484543590, 186377409061, 186484543616, 186484543579, 9205590107698935401395\n\n\n', 'B07CKFPT33', 0, 1, 'FBA', 'Standard Product Check-in', 'A', 0, 0, '', '', 0, 0),
(249, 255, 'B', 'N/A', '76262.png2wbmp(pngname, wbmpname, dest_height, dest_width, threshold)', 'Sally Beauty', '1Z8V779Y0305712678, (1Z8V779Y0305712687- arrived 3/31 w/ 1 damaged 11 good), 1Z8V779Y0305729759, 1Z8V779Y0305712650, 1Z8V779Y0305712669, 1Z8V779Y0305726387, ', 'B07H8SMGCJ', 0, 1, 'FBA', '2 Pack', 'A', 0, 0, '', '', 0, 0),
(250, 256, 'B', 'N/A', '76262.png2wbmp(pngname, wbmpname, dest_height, dest_width, threshold)', 'Walgreens', '191396869566, 191396869614, 190552691882, 191396892851, 191425307417, 190078323604, 191396906358', 'B07CKFPT33 ', 0, 1, 'FBA', 'Standard Product Check-in', 'A', 0, 0, '', '', 0, 0),
(251, 257, 'B', 'N/A', '76262.png2wbmp(pngname, wbmpname, dest_height, dest_width, threshold)', 'Target', '1Z3Y57290341216246, 1ZY8R0720342774830, 1ZY8F7420341601975, 1ZY8F7340341209085, 1ZV98F480340874887, 1Z300WW60341613386, 907742842058, 1ZF699E80361019650, 907742902208', 'B00E3B3CZC', 0, 1, 'FBA', 'Standard Product Check-in', 'A', 0, 0, '', '', 0, 0),
(252, 258, 'B', 'N/A', '76262.png2wbmp(pngname, wbmpname, dest_height, dest_width, threshold)', 'Bed Bath & Beyond', '906433550699', 'B07D7P2NLW', 0, 1, 'FBA', '2 Pack', 'A', 0, 0, '', '', 0, 0),
(253, 259, 'B', 'N/A', '76262.png2wbmp(pngname, wbmpname, dest_height, dest_width, threshold)', 'Enirely Pets', '396710905940', 'B07P7834WM ', 0, 1, 'FBA', 'Standard Product Check-in', 'A', 0, 0, '', '', 0, 0),
(254, 260, 'B', 'N/A', '76262.png2wbmp(pngname, wbmpname, dest_height, dest_width, threshold)', 'Petco', '1Z88W08A0350320726, 1Z88T1T50350399369, 1Z88V4380350467584', 'B01CKB4ZWA ', 0, 1, 'FBA', 'Standard Product Check-in', 'A', 0, 0, '', '', 0, 0),
(255, 261, 'B', 'N/A', '76262.png2wbmp(pngname, wbmpname, dest_height, dest_width, threshold)', 'Michaels', 'Scoring Stylus\nSKU# 2006699', 'B07QNLR2P4 ', 0, 1, 'FBA', 'Standard Product Check-in', 'A', 0, 0, '', '', 0, 0),
(256, 262, 'B', 'N/A', '76262.png2wbmp(pngname, wbmpname, dest_height, dest_width, threshold)', 'Chewy', '188479512941', 'B00164S1ZK', 0, 1, 'FBA', 'Standard Product Check-in', 'A', 0, 0, '', '', 0, 0),
(257, 263, 'B', 'N/A', '76262.png2wbmp(pngname, wbmpname, dest_height, dest_width, threshold)', 'Petco', '1Z878R7A0310791786, 1ZE1X2870308272645', 'B07QHJC8VY', 0, 1, 'FBA', '2 Item Bundle', 'A', 0, 0, '', '', 0, 0),
(258, 264, 'B', 'N/A', '76262.png2wbmp(pngname, wbmpname, dest_height, dest_width, threshold)', 'Petco', '1Z878R9E0352885267,1Z878R9E0304908171', 'B07DFDF897 ', 0, 1, 'FBA', '2 Pack', 'A', 0, 0, '', '', 0, 0),
(259, 265, 'B', 'N/A', '76262.png2wbmp(pngname, wbmpname, dest_height, dest_width, threshold)', 'Walmart', '915854140256', 'B07GPB66P8 ', 0, 1, 'FBA', 'Standard Product Check-in', 'A', 0, 0, '', '', 0, 0),
(260, 266, 'B', 'N/A', '76262.png2wbmp(pngname, wbmpname, dest_height, dest_width, threshold)', 'Walgreens', '911808075209, 911810829749, 911810826658, 911808075643, 911810826338, 911810829668', 'B084TV68VB ', 0, 1, 'FBA', '2 Item Bundle', 'A', 0, 0, '', '', 0, 0),
(261, 267, 'B', 'N/A', '76262.png2wbmp(pngname, wbmpname, dest_height, dest_width, threshold)', 'Miotech Store', '912082682840', 'B0184V2MXE', 0, 1, 'FBA', 'Standard Product Check-in', 'A', 0, 0, '', '', 0, 0),
(262, 268, 'B', 'N/A', '76262.png2wbmp(pngname, wbmpname, dest_height, dest_width, threshold)', 'Juvias Place', '396014508175', 'B01L9UT37U', 0, 1, 'FBA', 'Standard Product Check-in', 'A', 0, 0, '', '', 0, 0),
(263, 269, 'B', 'N/A', '76262.png2wbmp(pngname, wbmpname, dest_height, dest_width, threshold)', 'Sally Beauty', '1Z8V78A00310244144, 1Z8V78A00310244153, 1Z8V78A00310244162, 1Z8V78A00310244171, 1Z8V78A00310247785', 'B004FVSLLK', 0, 1, 'FBA', 'Standard Product Check-in', 'A', 0, 0, '', '', 0, 0),
(264, 270, 'B', 'N/A', '76262.png2wbmp(pngname, wbmpname, dest_height, dest_width, threshold)', 'Vitacost', '911722167031, 911722169300, 911722170391, 911722166506, 918059733926', 'B06Y1B184J', 0, 1, 'FBA', '2 Pack', 'A', 0, 0, '', '', 0, 0),
(265, 271, 'B', 'N/A', '76262.png2wbmp(pngname, wbmpname, dest_height, dest_width, threshold)', 'Bed Bath & Beyond', '139204187719, 182825925794', 'B07YTCZLZQ', 0, 1, 'FBA', '3 Pa+K2:K13ck (3 packs of 3 ct)', 'A', 0, 0, '', '', 0, 0),
(266, 272, 'B', 'N/A', '76262.png2wbmp(pngname, wbmpname, dest_height, dest_width, threshold)', 'Walgreens', '186377410937, 186484543590, 186377409061, 186484543616, 186484543579, 9205590107698935401395\n\n\n', 'B07CKFPT33', 0, 1, 'FBA', 'Standard Product Check-in', 'A', 0, 0, '', '', 0, 0),
(267, 273, 'B', 'N/A', '76262.png2wbmp(pngname, wbmpname, dest_height, dest_width, threshold)', 'Sally Beauty', '1Z8V779Y0305712678, (1Z8V779Y0305712687- arrived 3/31 w/ 1 damaged 11 good), 1Z8V779Y0305729759, 1Z8V779Y0305712650, 1Z8V779Y0305712669, 1Z8V779Y0305726387, ', 'B07H8SMGCJ', 0, 1, 'FBA', '2 Pack', 'A', 0, 0, '', '', 0, 0),
(268, 274, 'B', 'N/A', '76262.png2wbmp(pngname, wbmpname, dest_height, dest_width, threshold)', 'Walgreens', '191396869566, 191396869614, 190552691882, 191396892851, 191425307417, 190078323604, 191396906358', 'B07CKFPT33 ', 0, 1, 'FBA', 'Standard Product Check-in', 'A', 0, 0, '', '', 0, 0),
(269, 275, 'B', 'N/A', '76262.png2wbmp(pngname, wbmpname, dest_height, dest_width, threshold)', 'Target', '1Z3Y57290341216246, 1ZY8R0720342774830, 1ZY8F7420341601975, 1ZY8F7340341209085, 1ZV98F480340874887, 1Z300WW60341613386, 907742842058, 1ZF699E80361019650, 907742902208', 'B00E3B3CZC', 0, 1, 'FBA', 'Standard Product Check-in', 'A', 0, 0, '', '', 0, 0),
(270, 276, 'B', 'N/A', '76262.png2wbmp(pngname, wbmpname, dest_height, dest_width, threshold)', 'Bed Bath & Beyond', '906433550699', 'B07D7P2NLW', 0, 1, 'FBA', '2 Pack', 'A', 0, 0, '', '', 0, 0),
(271, 277, 'B', 'N/A', '76262.png2wbmp(pngname, wbmpname, dest_height, dest_width, threshold)', 'Enirely Pets', '396710905940', 'B07P7834WM ', 0, 1, 'FBA', 'Standard Product Check-in', 'A', 0, 0, '', '', 0, 0),
(272, 278, 'B', 'N/A', '76262.png2wbmp(pngname, wbmpname, dest_height, dest_width, threshold)', 'Petco', '1Z88W08A0350320726, 1Z88T1T50350399369, 1Z88V4380350467584', 'B01CKB4ZWA ', 0, 1, 'FBA', 'Standard Product Check-in', 'A', 0, 0, '', '', 0, 0),
(273, 279, 'B', 'N/A', '76262.png2wbmp(pngname, wbmpname, dest_height, dest_width, threshold)', 'Michaels', 'Scoring Stylus\nSKU# 2006699', 'B07QNLR2P4 ', 0, 1, 'FBA', 'Standard Product Check-in', 'A', 0, 0, '', '', 0, 0),
(274, 280, 'B', 'N/A', '76262.png2wbmp(pngname, wbmpname, dest_height, dest_width, threshold)', 'Chewy', '188479512941', 'B00164S1ZK', 0, 1, 'FBA', 'Standard Product Check-in', 'A', 0, 0, '', '', 0, 0),
(275, 281, 'B', 'N/A', '76262.png2wbmp(pngname, wbmpname, dest_height, dest_width, threshold)', 'Petco', '1Z878R7A0310791786, 1ZE1X2870308272645', 'B07QHJC8VY', 0, 1, 'FBA', '2 Item Bundle', 'A', 0, 0, '', '', 0, 0),
(276, 282, 'B', 'N/A', '76262.png2wbmp(pngname, wbmpname, dest_height, dest_width, threshold)', 'Petco', '1Z878R9E0352885267,1Z878R9E0304908171', 'B07DFDF897 ', 0, 1, 'FBA', '2 Pack', 'A', 0, 0, '', '', 0, 0),
(277, 283, 'B', 'N/A', '76262.png2wbmp(pngname, wbmpname, dest_height, dest_width, threshold)', 'Walmart', '915854140256', 'B07GPB66P8 ', 0, 1, 'FBA', 'Standard Product Check-in', 'A', 0, 0, '', '', 0, 0),
(278, 284, 'B', 'N/A', '76262.png2wbmp(pngname, wbmpname, dest_height, dest_width, threshold)', 'Walgreens', '911808075209, 911810829749, 911810826658, 911808075643, 911810826338, 911810829668', 'B084TV68VB ', 0, 1, 'FBA', '2 Item Bundle', 'A', 0, 0, '', '', 0, 0),
(279, 285, 'B', 'N/A', '76262.png2wbmp(pngname, wbmpname, dest_height, dest_width, threshold)', 'Miotech Store', '912082682840', 'B0184V2MXE', 0, 1, 'FBA', 'Standard Product Check-in', 'A', 0, 0, '', '', 0, 0),
(280, 286, 'B', 'N/A', '76262.png2wbmp(pngname, wbmpname, dest_height, dest_width, threshold)', 'Juvias Place', '396014508175', 'B01L9UT37U', 0, 1, 'FBA', 'Standard Product Check-in', 'A', 0, 0, '', '', 0, 0),
(281, 287, 'B', 'N/A', '76262.png2wbmp(pngname, wbmpname, dest_height, dest_width, threshold)', 'Sally Beauty', '1Z8V78A00310244144, 1Z8V78A00310244153, 1Z8V78A00310244162, 1Z8V78A00310244171, 1Z8V78A00310247785', 'B004FVSLLK', 0, 1, 'FBA', 'Standard Product Check-in', 'A', 0, 0, '', '', 0, 0),
(282, 288, 'B', 'N/A', '76262.png2wbmp(pngname, wbmpname, dest_height, dest_width, threshold)', 'Vitacost', '911722167031, 911722169300, 911722170391, 911722166506, 918059733926', 'B06Y1B184J', 0, 1, 'FBA', '2 Pack', 'A', 0, 0, '', '', 0, 0),
(283, 289, 'B', 'N/A', '76262.png2wbmp(pngname, wbmpname, dest_height, dest_width, threshold)', 'Bed Bath & Beyond', '139204187719, 182825925794', 'B07YTCZLZQ', 43971, 1, 'FBA', '3 Pa+K2:K13ck (3 packs of 3 ct)', '43971', 0, 0, '', '', 0, 0),
(284, 290, 'B', 'N/A', '76262.png2wbmp(pngname, wbmpname, dest_height, dest_width, threshold)', 'Walgreens', '186377410937, 186484543590, 186377409061, 186484543616, 186484543579, 9205590107698935401395\n\n\n', 'B07CKFPT33', 43972, 1, 'FBA', 'Standard Product Check-in', '43972', 0, 0, '', '', 0, 0),
(285, 291, 'B', 'N/A', '76262.png2wbmp(pngname, wbmpname, dest_height, dest_width, threshold)', 'Sally Beauty', '1Z8V779Y0305712678, (1Z8V779Y0305712687- arrived 3/31 w/ 1 damaged 11 good), 1Z8V779Y0305729759, 1Z8V779Y0305712650, 1Z8V779Y0305712669, 1Z8V779Y0305726387, ', 'B07H8SMGCJ', 43909, 1, 'FBA', '2 Pack', '43909', 0, 0, '', '', 0, 0),
(286, 292, 'B', 'N/A', '76262.png2wbmp(pngname, wbmpname, dest_height, dest_width, threshold)', 'Walgreens', '191396869566, 191396869614, 190552691882, 191396892851, 191425307417, 190078323604, 191396906358', 'B07CKFPT33 ', 43992, 1, 'FBA', 'Standard Product Check-in', '43992', 0, 0, '', '', 0, 0),
(287, 293, 'B', 'N/A', '76262.png2wbmp(pngname, wbmpname, dest_height, dest_width, threshold)', 'Target', '1Z3Y57290341216246, 1ZY8R0720342774830, 1ZY8F7420341601975, 1ZY8F7340341209085, 1ZV98F480340874887, 1Z300WW60341613386, 907742842058, 1ZF699E80361019650, 907742902208', 'B00E3B3CZC', 44034, 1, 'FBA', 'Standard Product Check-in', '44034', 0, 0, '', '', 0, 0),
(288, 294, 'B', 'N/A', '76262.png2wbmp(pngname, wbmpname, dest_height, dest_width, threshold)', 'Bed Bath & Beyond', '906433550699', 'B07D7P2NLW', 44036, 1, 'FBA', '2 Pack', '44036', 0, 0, '', '', 0, 0),
(289, 295, 'B', 'N/A', '76262.png2wbmp(pngname, wbmpname, dest_height, dest_width, threshold)', 'Enirely Pets', '396710905940', 'B07P7834WM ', 44055, 1, 'FBA', 'Standard Product Check-in', '44055', 0, 0, '', '', 0, 0),
(290, 296, 'B', 'N/A', '76262.png2wbmp(pngname, wbmpname, dest_height, dest_width, threshold)', 'Petco', '1Z88W08A0350320726, 1Z88T1T50350399369, 1Z88V4380350467584', 'B01CKB4ZWA ', 44056, 1, 'FBA', 'Standard Product Check-in', '44056', 0, 0, '', '', 0, 0),
(291, 297, 'B', 'N/A', '76262.png2wbmp(pngname, wbmpname, dest_height, dest_width, threshold)', 'Michaels', 'Scoring Stylus\nSKU# 2006699', 'B07QNLR2P4 ', 44057, 1, 'FBA', 'Standard Product Check-in', '44057', 0, 0, '', '', 0, 0),
(292, 298, 'B', 'N/A', '76262.png2wbmp(pngname, wbmpname, dest_height, dest_width, threshold)', 'Chewy', '188479512941', 'B00164S1ZK', 44057, 1, 'FBA', 'Standard Product Check-in', '44057', 0, 0, '', '', 0, 0),
(293, 299, 'B', 'N/A', '76262.png2wbmp(pngname, wbmpname, dest_height, dest_width, threshold)', 'Petco', '1Z878R7A0310791786, 1ZE1X2870308272645', 'B07QHJC8VY', 44060, 1, 'FBA', '2 Item Bundle', '44060', 0, 0, '', '', 0, 0),
(294, 300, 'B', 'N/A', '76262.png2wbmp(pngname, wbmpname, dest_height, dest_width, threshold)', 'Petco', '1Z878R9E0352885267,1Z878R9E0304908171', 'B07DFDF897 ', 44060, 1, 'FBA', '2 Pack', '44060', 0, 0, '', '', 0, 0),
(295, 301, 'B', 'N/A', '76262.png2wbmp(pngname, wbmpname, dest_height, dest_width, threshold)', 'Walmart', '915854140256', 'B07GPB66P8 ', 44060, 1, 'FBA', 'Standard Product Check-in', '44060', 0, 0, '', '', 0, 0),
(296, 302, 'B', 'N/A', '76262.png2wbmp(pngname, wbmpname, dest_height, dest_width, threshold)', 'Walgreens', '911808075209, 911810829749, 911810826658, 911808075643, 911810826338, 911810829668', 'B084TV68VB ', 44060, 1, 'FBA', '2 Item Bundle', '44060', 0, 0, '', '', 0, 0),
(297, 303, 'B', 'N/A', '76262.png2wbmp(pngname, wbmpname, dest_height, dest_width, threshold)', 'Miotech Store', '912082682840', 'B0184V2MXE', 44062, 1, 'FBA', 'Standard Product Check-in', '44062', 0, 0, '', '', 0, 0),
(298, 304, 'B', 'N/A', '76262.png2wbmp(pngname, wbmpname, dest_height, dest_width, threshold)', 'Juvias Place', '396014508175', 'B01L9UT37U', 44063, 1, 'FBA', 'Standard Product Check-in', '44063', 0, 0, '', '', 0, 0),
(299, 305, 'B', 'N/A', '76262.png2wbmp(pngname, wbmpname, dest_height, dest_width, threshold)', 'Sally Beauty', '1Z8V78A00310244144, 1Z8V78A00310244153, 1Z8V78A00310244162, 1Z8V78A00310244171, 1Z8V78A00310247785', 'B004FVSLLK', 44063, 1, 'FBA', 'Standard Product Check-in', '44063', 0, 0, '', '', 0, 0),
(300, 306, 'B', 'N/A', '76262.png2wbmp(pngname, wbmpname, dest_height, dest_width, threshold)', 'Vitacost', '911722167031, 911722169300, 911722170391, 911722166506, 918059733926', 'B06Y1B184J', 44065, 1, 'FBA', '2 Pack', '44065', 0, 0, '', '', 0, 0),
(301, 307, 'B', 'N/A', '76262.png2wbmp(pngname, wbmpname, dest_height, dest_width, threshold)', 'Bed Bath & Beyond', '139204187719, 182825925794', 'B07YTCZLZQ', 60, 1, 'FBA', '3 Pa+K2:K13ck (3 packs of 3 ct)', '60', 0, 0, '', '', 0, 0),
(302, 308, 'B', 'N/A', '76262.png2wbmp(pngname, wbmpname, dest_height, dest_width, threshold)', 'Walgreens', '186377410937, 186484543590, 186377409061, 186484543616, 186484543579, 9205590107698935401395\n\n\n', 'B07CKFPT33', 72, 1, 'FBA', 'Standard Product Check-in', '72', 0, 0, '', '', 0, 0),
(303, 309, 'B', 'N/A', '76262.png2wbmp(pngname, wbmpname, dest_height, dest_width, threshold)', 'Sally Beauty', '1Z8V779Y0305712678, (1Z8V779Y0305712687- arrived 3/31 w/ 1 damaged 11 good), 1Z8V779Y0305729759, 1Z8V779Y0305712650, 1Z8V779Y0305712669, 1Z8V779Y0305726387, ', 'B07H8SMGCJ', 14, 1, 'FBA', '2 Pack', '14', 0, 0, '', '', 0, 0),
(304, 310, 'B', 'N/A', '76262.png2wbmp(pngname, wbmpname, dest_height, dest_width, threshold)', 'Walgreens', '191396869566, 191396869614, 190552691882, 191396892851, 191425307417, 190078323604, 191396906358', 'B07CKFPT33 ', 72, 1, 'FBA', 'Standard Product Check-in', '72', 0, 0, '', '', 0, 0),
(305, 311, 'B', 'N/A', '76262.png2wbmp(pngname, wbmpname, dest_height, dest_width, threshold)', 'Target', '1Z3Y57290341216246, 1ZY8R0720342774830, 1ZY8F7420341601975, 1ZY8F7340341209085, 1ZV98F480340874887, 1Z300WW60341613386, 907742842058, 1ZF699E80361019650, 907742902208', 'B00E3B3CZC', 90, 1, 'FBA', 'Standard Product Check-in', '90', 0, 0, '', '', 0, 0),
(306, 312, 'B', 'N/A', '76262.png2wbmp(pngname, wbmpname, dest_height, dest_width, threshold)', 'Bed Bath & Beyond', '906433550699', 'B07D7P2NLW', 20, 1, 'FBA', '2 Pack', '20', 0, 0, '', '', 0, 0),
(307, 313, 'B', 'N/A', '76262.png2wbmp(pngname, wbmpname, dest_height, dest_width, threshold)', 'Enirely Pets', '396710905940', 'B07P7834WM ', 25, 1, 'FBA', 'Standard Product Check-in', '25', 0, 0, '', '', 0, 0),
(308, 314, 'B', 'N/A', '76262.png2wbmp(pngname, wbmpname, dest_height, dest_width, threshold)', 'Petco', '1Z88W08A0350320726, 1Z88T1T50350399369, 1Z88V4380350467584', 'B01CKB4ZWA ', 40, 1, 'FBA', 'Standard Product Check-in', '40', 0, 0, '', '', 0, 0),
(309, 315, 'B', 'N/A', '76262.png2wbmp(pngname, wbmpname, dest_height, dest_width, threshold)', 'Michaels', 'Scoring Stylus\nSKU# 2006699', 'B07QNLR2P4 ', 30, 1, 'FBA', 'Standard Product Check-in', '30', 0, 0, '', '', 0, 0),
(310, 316, 'B', 'N/A', '76262.png2wbmp(pngname, wbmpname, dest_height, dest_width, threshold)', 'Chewy', '188479512941', 'B00164S1ZK', 50, 1, 'FBA', 'Standard Product Check-in', '50', 0, 0, '', '', 0, 0),
(311, 317, 'B', 'N/A', '76262.png2wbmp(pngname, wbmpname, dest_height, dest_width, threshold)', 'Petco', '1Z878R7A0310791786, 1ZE1X2870308272645', 'B07QHJC8VY', 30, 1, 'FBA', '2 Item Bundle', '30', 0, 0, '', '', 0, 0),
(312, 318, 'B', 'N/A', '76262.png2wbmp(pngname, wbmpname, dest_height, dest_width, threshold)', 'Petco', '1Z878R9E0352885267,1Z878R9E0304908171', 'B07DFDF897 ', 60, 1, 'FBA', '2 Pack', '60', 0, 0, '', '', 0, 0),
(313, 319, 'B', 'N/A', '76262.png2wbmp(pngname, wbmpname, dest_height, dest_width, threshold)', 'Walmart', '915854140256', 'B07GPB66P8 ', 30, 1, 'FBA', 'Standard Product Check-in', '30', 0, 0, '', '', 0, 0),
(314, 320, 'B', 'N/A', '76262.png2wbmp(pngname, wbmpname, dest_height, dest_width, threshold)', 'Walgreens', '911808075209, 911810829749, 911810826658, 911808075643, 911810826338, 911810829668', 'B084TV68VB ', 72, 1, 'FBA', '2 Item Bundle', '72', 0, 0, '', '', 0, 0),
(315, 321, 'B', 'N/A', '76262.png2wbmp(pngname, wbmpname, dest_height, dest_width, threshold)', 'Miotech Store', '912082682840', 'B0184V2MXE', 36, 1, 'FBA', 'Standard Product Check-in', '36', 0, 0, '', '', 0, 0),
(316, 322, 'B', 'N/A', '76262.png2wbmp(pngname, wbmpname, dest_height, dest_width, threshold)', 'Juvias Place', '396014508175', 'B01L9UT37U', 80, 1, 'FBA', 'Standard Product Check-in', '80', 0, 0, '', '', 0, 0),
(317, 323, 'B', 'N/A', '76262.png2wbmp(pngname, wbmpname, dest_height, dest_width, threshold)', 'Sally Beauty', '1Z8V78A00310244144, 1Z8V78A00310244153, 1Z8V78A00310244162, 1Z8V78A00310244171, 1Z8V78A00310247785', 'B004FVSLLK', 50, 1, 'FBA', 'Standard Product Check-in', '50', 0, 0, '', '', 0, 0),
(318, 324, 'B', 'N/A', '76262.png2wbmp(pngname, wbmpname, dest_height, dest_width, threshold)', 'Vitacost', '911722167031, 911722169300, 911722170391, 911722166506, 918059733926', 'B06Y1B184J', 106, 1, 'FBA', '2 Pack', '106', 0, 0, '', '', 0, 0),
(319, 325, 'B', 'N/A', '76262.png2wbmp(pngname, wbmpname, dest_height, dest_width, threshold)', 'Bed Bath & Beyond', '139204187719, 182825925794', 'B07YTCZLZQ', 60, 1, 'FBA', '3 Pa+K2:K13ck (3 packs of 3 ct)', '60', 0, 0, '', '', 0, 0),
(320, 326, 'B', 'N/A', '76262.png2wbmp(pngname, wbmpname, dest_height, dest_width, threshold)', 'Walgreens', '186377410937, 186484543590, 186377409061, 186484543616, 186484543579, 9205590107698935401395\n\n\n', 'B07CKFPT33', 72, 1, 'FBA', 'Standard Product Check-in', '72', 0, 0, '', '', 0, 0),
(321, 327, 'B', 'N/A', '76262.png2wbmp(pngname, wbmpname, dest_height, dest_width, threshold)', 'Sally Beauty', '1Z8V779Y0305712678, (1Z8V779Y0305712687- arrived 3/31 w/ 1 damaged 11 good), 1Z8V779Y0305729759, 1Z8V779Y0305712650, 1Z8V779Y0305712669, 1Z8V779Y0305726387, ', 'B07H8SMGCJ', 14, 1, 'FBA', '2 Pack', '14', 0, 0, '', '', 0, 0),
(322, 328, 'B', 'N/A', '76262.png2wbmp(pngname, wbmpname, dest_height, dest_width, threshold)', 'Walgreens', '191396869566, 191396869614, 190552691882, 191396892851, 191425307417, 190078323604, 191396906358', 'B07CKFPT33 ', 72, 1, 'FBA', 'Standard Product Check-in', '72', 0, 0, '', '', 0, 0),
(323, 329, 'B', 'N/A', '76262.png2wbmp(pngname, wbmpname, dest_height, dest_width, threshold)', 'Target', '1Z3Y57290341216246, 1ZY8R0720342774830, 1ZY8F7420341601975, 1ZY8F7340341209085, 1ZV98F480340874887, 1Z300WW60341613386, 907742842058, 1ZF699E80361019650, 907742902208', 'B00E3B3CZC', 90, 1, 'FBA', 'Standard Product Check-in', '90', 0, 0, '', '', 0, 0),
(324, 330, 'B', 'N/A', '76262.png2wbmp(pngname, wbmpname, dest_height, dest_width, threshold)', 'Bed Bath & Beyond', '906433550699', 'B07D7P2NLW', 20, 1, 'FBA', '2 Pack', '20', 0, 0, '', '', 0, 0),
(325, 331, 'B', 'N/A', '76262.png2wbmp(pngname, wbmpname, dest_height, dest_width, threshold)', 'Enirely Pets', '396710905940', 'B07P7834WM ', 25, 1, 'FBA', 'Standard Product Check-in', '25', 0, 0, '', '', 0, 0),
(326, 332, 'B', 'N/A', '76262.png2wbmp(pngname, wbmpname, dest_height, dest_width, threshold)', 'Petco', '1Z88W08A0350320726, 1Z88T1T50350399369, 1Z88V4380350467584', 'B01CKB4ZWA ', 40, 1, 'FBA', 'Standard Product Check-in', '40', 0, 0, '', '', 0, 0),
(327, 333, 'B', 'N/A', '76262.png2wbmp(pngname, wbmpname, dest_height, dest_width, threshold)', 'Michaels', 'Scoring Stylus\nSKU# 2006699', 'B07QNLR2P4 ', 30, 1, 'FBA', 'Standard Product Check-in', '30', 0, 0, '', '', 0, 0),
(328, 334, 'B', 'N/A', '76262.png2wbmp(pngname, wbmpname, dest_height, dest_width, threshold)', 'Chewy', '188479512941', 'B00164S1ZK', 50, 1, 'FBA', 'Standard Product Check-in', '50', 0, 0, '', '', 0, 0),
(329, 335, 'B', 'N/A', '76262.png2wbmp(pngname, wbmpname, dest_height, dest_width, threshold)', 'Petco', '1Z878R7A0310791786, 1ZE1X2870308272645', 'B07QHJC8VY', 30, 1, 'FBA', '2 Item Bundle', '30', 0, 0, '', '', 0, 0),
(330, 336, 'B', 'N/A', '76262.png2wbmp(pngname, wbmpname, dest_height, dest_width, threshold)', 'Petco', '1Z878R9E0352885267,1Z878R9E0304908171', 'B07DFDF897 ', 60, 1, 'FBA', '2 Pack', '60', 0, 0, '', '', 0, 0),
(331, 337, 'B', 'N/A', '76262.png2wbmp(pngname, wbmpname, dest_height, dest_width, threshold)', 'Walmart', '915854140256', 'B07GPB66P8 ', 30, 1, 'FBA', 'Standard Product Check-in', '30', 0, 0, '', '', 0, 0),
(332, 338, 'B', 'N/A', '76262.png2wbmp(pngname, wbmpname, dest_height, dest_width, threshold)', 'Walgreens', '911808075209, 911810829749, 911810826658, 911808075643, 911810826338, 911810829668', 'B084TV68VB ', 72, 1, 'FBA', '2 Item Bundle', '72', 0, 0, '', '', 0, 0),
(333, 339, 'B', 'N/A', '76262.png2wbmp(pngname, wbmpname, dest_height, dest_width, threshold)', 'Miotech Store', '912082682840', 'B0184V2MXE', 36, 1, 'FBA', 'Standard Product Check-in', '36', 0, 0, '', '', 0, 0),
(334, 340, 'B', 'N/A', '76262.png2wbmp(pngname, wbmpname, dest_height, dest_width, threshold)', 'Juvias Place', '396014508175', 'B01L9UT37U', 80, 1, 'FBA', 'Standard Product Check-in', '80', 0, 0, '', '', 0, 0),
(335, 341, 'B', 'N/A', '76262.png2wbmp(pngname, wbmpname, dest_height, dest_width, threshold)', 'Sally Beauty', '1Z8V78A00310244144, 1Z8V78A00310244153, 1Z8V78A00310244162, 1Z8V78A00310244171, 1Z8V78A00310247785', 'B004FVSLLK', 50, 1, 'FBA', 'Standard Product Check-in', '50', 0, 0, '', '', 0, 0),
(336, 342, 'B', 'N/A', '76262.png2wbmp(pngname, wbmpname, dest_height, dest_width, threshold)', 'Vitacost', '911722167031, 911722169300, 911722170391, 911722166506, 918059733926', 'B06Y1B184J', 106, 1, 'FBA', '2 Pack', '106', 0, 0, '', '', 0, 0),
(337, 343, 'B', 'N/A', '76262.png2wbmp(pngname, wbmpname, dest_height, dest_width, threshold)', 'Bed Bath & Beyond', '139204187719, 182825925794', 'B07YTCZLZQ', 0, 1, 'FBA', '3 Pa+K2:K13ck (3 packs of 3 ct)', 'A', 0, 0, '', '', 0, 0),
(338, 344, 'B', 'N/A', '76262.png2wbmp(pngname, wbmpname, dest_height, dest_width, threshold)', 'Walgreens', '186377410937, 186484543590, 186377409061, 186484543616, 186484543579, 9205590107698935401395\n\n\n', 'B07CKFPT33', 0, 1, 'FBA', 'Standard Product Check-in', 'A', 0, 0, '', '', 0, 0),
(339, 345, 'B', 'N/A', '76262.png2wbmp(pngname, wbmpname, dest_height, dest_width, threshold)', 'Sally Beauty', '1Z8V779Y0305712678, (1Z8V779Y0305712687- arrived 3/31 w/ 1 damaged 11 good), 1Z8V779Y0305729759, 1Z8V779Y0305712650, 1Z8V779Y0305712669, 1Z8V779Y0305726387, ', 'B07H8SMGCJ', 0, 1, 'FBA', '2 Pack', 'A', 0, 0, '', '', 0, 0),
(340, 346, 'B', 'N/A', '76262.png2wbmp(pngname, wbmpname, dest_height, dest_width, threshold)', 'Walgreens', '191396869566, 191396869614, 190552691882, 191396892851, 191425307417, 190078323604, 191396906358', 'B07CKFPT33 ', 0, 1, 'FBA', 'Standard Product Check-in', 'A', 0, 0, '', '', 0, 0),
(341, 347, 'B', 'N/A', '76262.png2wbmp(pngname, wbmpname, dest_height, dest_width, threshold)', 'Target', '1Z3Y57290341216246, 1ZY8R0720342774830, 1ZY8F7420341601975, 1ZY8F7340341209085, 1ZV98F480340874887, 1Z300WW60341613386, 907742842058, 1ZF699E80361019650, 907742902208', 'B00E3B3CZC', 0, 1, 'FBA', 'Standard Product Check-in', 'A', 0, 0, '', '', 0, 0),
(342, 348, 'B', 'N/A', '76262.png2wbmp(pngname, wbmpname, dest_height, dest_width, threshold)', 'Bed Bath & Beyond', '906433550699', 'B07D7P2NLW', 0, 1, 'FBA', '2 Pack', 'A', 0, 0, '', '', 0, 0),
(343, 349, 'B', 'N/A', '76262.png2wbmp(pngname, wbmpname, dest_height, dest_width, threshold)', 'Enirely Pets', '396710905940', 'B07P7834WM ', 0, 1, 'FBA', 'Standard Product Check-in', 'A', 0, 0, '', '', 0, 0),
(344, 350, 'B', 'N/A', '76262.png2wbmp(pngname, wbmpname, dest_height, dest_width, threshold)', 'Petco', '1Z88W08A0350320726, 1Z88T1T50350399369, 1Z88V4380350467584', 'B01CKB4ZWA ', 0, 1, 'FBA', 'Standard Product Check-in', 'A', 0, 0, '', '', 0, 0),
(345, 351, 'B', 'N/A', '76262.png2wbmp(pngname, wbmpname, dest_height, dest_width, threshold)', 'Michaels', 'Scoring Stylus\nSKU# 2006699', 'B07QNLR2P4 ', 0, 1, 'FBA', 'Standard Product Check-in', 'A', 0, 0, '', '', 0, 0),
(346, 352, 'B', 'N/A', '76262.png2wbmp(pngname, wbmpname, dest_height, dest_width, threshold)', 'Chewy', '188479512941', 'B00164S1ZK', 0, 1, 'FBA', 'Standard Product Check-in', 'A', 0, 0, '', '', 0, 0),
(347, 353, 'B', 'N/A', '76262.png2wbmp(pngname, wbmpname, dest_height, dest_width, threshold)', 'Petco', '1Z878R7A0310791786, 1ZE1X2870308272645', 'B07QHJC8VY', 0, 1, 'FBA', '2 Item Bundle', 'A', 0, 0, '', '', 0, 0),
(348, 354, 'B', 'N/A', '76262.png2wbmp(pngname, wbmpname, dest_height, dest_width, threshold)', 'Petco', '1Z878R9E0352885267,1Z878R9E0304908171', 'B07DFDF897 ', 0, 1, 'FBA', '2 Pack', 'A', 0, 0, '', '', 0, 0),
(349, 355, 'B', 'N/A', '76262.png2wbmp(pngname, wbmpname, dest_height, dest_width, threshold)', 'Walmart', '915854140256', 'B07GPB66P8 ', 0, 1, 'FBA', 'Standard Product Check-in', 'A', 0, 0, '', '', 0, 0),
(350, 356, 'B', 'N/A', '76262.png2wbmp(pngname, wbmpname, dest_height, dest_width, threshold)', 'Walgreens', '911808075209, 911810829749, 911810826658, 911808075643, 911810826338, 911810829668', 'B084TV68VB ', 0, 1, 'FBA', '2 Item Bundle', 'A', 0, 0, '', '', 0, 0),
(351, 357, 'B', 'N/A', '76262.png2wbmp(pngname, wbmpname, dest_height, dest_width, threshold)', 'Miotech Store', '912082682840', 'B0184V2MXE', 0, 1, 'FBA', 'Standard Product Check-in', 'A', 0, 0, '', '', 0, 0),
(352, 358, 'B', 'N/A', '76262.png2wbmp(pngname, wbmpname, dest_height, dest_width, threshold)', 'Juvias Place', '396014508175', 'B01L9UT37U', 0, 1, 'FBA', 'Standard Product Check-in', 'A', 0, 0, '', '', 0, 0),
(353, 359, 'B', 'N/A', '76262.png2wbmp(pngname, wbmpname, dest_height, dest_width, threshold)', 'Sally Beauty', '1Z8V78A00310244144, 1Z8V78A00310244153, 1Z8V78A00310244162, 1Z8V78A00310244171, 1Z8V78A00310247785', 'B004FVSLLK', 0, 1, 'FBA', 'Standard Product Check-in', 'A', 0, 0, '', '', 0, 0),
(354, 360, 'B', 'N/A', '76262.png2wbmp(pngname, wbmpname, dest_height, dest_width, threshold)', 'Vitacost', '911722167031, 911722169300, 911722170391, 911722166506, 918059733926', 'B06Y1B184J', 0, 1, 'FBA', '2 Pack', 'A', 0, 0, '', '', 0, 0),
(355, 361, 'B', 'N/A', '76262.png2wbmp(pngname, wbmpname, dest_height, dest_width, threshold)', 'Bed Bath & Beyond', '139204187719, 182825925794', 'B07YTCZLZQ', 60, 1, 'FBA', '3 Pa+K2:K13ck (3 packs of 3 ct)', '60', 0, 0, '', '', 0, 0),
(356, 362, 'B', 'N/A', '76262.png2wbmp(pngname, wbmpname, dest_height, dest_width, threshold)', 'Walgreens', '186377410937, 186484543590, 186377409061, 186484543616, 186484543579, 9205590107698935401395\n\n\n', 'B07CKFPT33', 72, 1, 'FBA', 'Standard Product Check-in', '72', 0, 0, '', '', 0, 0),
(357, 363, 'B', 'N/A', '76262.png2wbmp(pngname, wbmpname, dest_height, dest_width, threshold)', 'Sally Beauty', '1Z8V779Y0305712678, (1Z8V779Y0305712687- arrived 3/31 w/ 1 damaged 11 good), 1Z8V779Y0305729759, 1Z8V779Y0305712650, 1Z8V779Y0305712669, 1Z8V779Y0305726387, ', 'B07H8SMGCJ', 14, 1, 'FBA', '2 Pack', '14', 0, 0, '', '', 0, 0),
(358, 364, 'B', 'N/A', '76262.png2wbmp(pngname, wbmpname, dest_height, dest_width, threshold)', 'Walgreens', '191396869566, 191396869614, 190552691882, 191396892851, 191425307417, 190078323604, 191396906358', 'B07CKFPT33 ', 72, 1, 'FBA', 'Standard Product Check-in', '72', 0, 0, '', '', 0, 0),
(359, 365, 'B', 'N/A', '76262.png2wbmp(pngname, wbmpname, dest_height, dest_width, threshold)', 'Target', '1Z3Y57290341216246, 1ZY8R0720342774830, 1ZY8F7420341601975, 1ZY8F7340341209085, 1ZV98F480340874887, 1Z300WW60341613386, 907742842058, 1ZF699E80361019650, 907742902208', 'B00E3B3CZC', 90, 1, 'FBA', 'Standard Product Check-in', '90', 0, 0, '', '', 0, 0),
(360, 366, 'B', 'N/A', '76262.png2wbmp(pngname, wbmpname, dest_height, dest_width, threshold)', 'Bed Bath & Beyond', '906433550699', 'B07D7P2NLW', 20, 1, 'FBA', '2 Pack', '20', 0, 0, '', '', 0, 0),
(361, 367, 'B', 'N/A', '76262.png2wbmp(pngname, wbmpname, dest_height, dest_width, threshold)', 'Enirely Pets', '396710905940', 'B07P7834WM ', 25, 1, 'FBA', 'Standard Product Check-in', '25', 0, 0, '', '', 0, 0),
(362, 368, 'B', 'N/A', '76262.png2wbmp(pngname, wbmpname, dest_height, dest_width, threshold)', 'Petco', '1Z88W08A0350320726, 1Z88T1T50350399369, 1Z88V4380350467584', 'B01CKB4ZWA ', 40, 1, 'FBA', 'Standard Product Check-in', '40', 0, 0, '', '', 0, 0),
(363, 369, 'B', 'N/A', '76262.png2wbmp(pngname, wbmpname, dest_height, dest_width, threshold)', 'Michaels', 'Scoring Stylus\nSKU# 2006699', 'B07QNLR2P4 ', 30, 1, 'FBA', 'Standard Product Check-in', '30', 0, 0, '', '', 0, 0),
(364, 370, 'B', 'N/A', '76262.png2wbmp(pngname, wbmpname, dest_height, dest_width, threshold)', 'Chewy', '188479512941', 'B00164S1ZK', 50, 1, 'FBA', 'Standard Product Check-in', '50', 0, 0, '', '', 0, 0),
(365, 371, 'B', 'N/A', '76262.png2wbmp(pngname, wbmpname, dest_height, dest_width, threshold)', 'Petco', '1Z878R7A0310791786, 1ZE1X2870308272645', 'B07QHJC8VY', 30, 1, 'FBA', '2 Item Bundle', '30', 0, 0, '', '', 0, 0),
(366, 372, 'B', 'N/A', '76262.png2wbmp(pngname, wbmpname, dest_height, dest_width, threshold)', 'Petco', '1Z878R9E0352885267,1Z878R9E0304908171', 'B07DFDF897 ', 60, 1, 'FBA', '2 Pack', '60', 0, 0, '', '', 0, 0),
(367, 373, 'B', 'N/A', '76262.png2wbmp(pngname, wbmpname, dest_height, dest_width, threshold)', 'Walmart', '915854140256', 'B07GPB66P8 ', 30, 1, 'FBA', 'Standard Product Check-in', '30', 0, 0, '', '', 0, 0),
(368, 374, 'B', 'N/A', '76262.png2wbmp(pngname, wbmpname, dest_height, dest_width, threshold)', 'Walgreens', '911808075209, 911810829749, 911810826658, 911808075643, 911810826338, 911810829668', 'B084TV68VB ', 72, 1, 'FBA', '2 Item Bundle', '72', 0, 0, '', '', 0, 0),
(369, 375, 'B', 'N/A', '76262.png2wbmp(pngname, wbmpname, dest_height, dest_width, threshold)', 'Miotech Store', '912082682840', 'B0184V2MXE', 36, 1, 'FBA', 'Standard Product Check-in', '36', 0, 0, '', '', 0, 0),
(370, 376, 'B', 'N/A', '76262.png2wbmp(pngname, wbmpname, dest_height, dest_width, threshold)', 'Juvias Place', '396014508175', 'B01L9UT37U', 80, 1, 'FBA', 'Standard Product Check-in', '80', 0, 0, '', '', 0, 0),
(371, 377, 'B', 'N/A', '76262.png2wbmp(pngname, wbmpname, dest_height, dest_width, threshold)', 'Sally Beauty', '1Z8V78A00310244144, 1Z8V78A00310244153, 1Z8V78A00310244162, 1Z8V78A00310244171, 1Z8V78A00310247785', 'B004FVSLLK', 50, 1, 'FBA', 'Standard Product Check-in', '50', 0, 0, '', '', 0, 0),
(372, 378, 'B', 'N/A', '76262.png2wbmp(pngname, wbmpname, dest_height, dest_width, threshold)', 'Vitacost', '911722167031, 911722169300, 911722170391, 911722166506, 918059733926', 'B06Y1B184J', 106, 1, 'FBA', '2 Pack', '106', 0, 0, '', '', 0, 0),
(373, 379, '38874', 'N/A', '76262.png2wbmp(pngname, wbmpname, dest_height, dest_width, threshold)', 'Bed Bath & Beyond', '139204187719, 182825925794', 'B07YTCZLZQ', 60, 1, 'FBA', '3 Pa+K2:K13ck (3 packs of 3 ct)', '60', 0, 0, '', '', 0, 0),
(374, 380, '38875', 'N/A', '76262.png2wbmp(pngname, wbmpname, dest_height, dest_width, threshold)', 'Walgreens', '186377410937, 186484543590, 186377409061, 186484543616, 186484543579, 9205590107698935401395\n\n\n', 'B07CKFPT33', 72, 1, 'FBA', 'Standard Product Check-in', '72', 0, 0, '', '', 0, 0),
(375, 381, '38876', 'N/A', '76262.png2wbmp(pngname, wbmpname, dest_height, dest_width, threshold)', 'Sally Beauty', '1Z8V779Y0305712678, (1Z8V779Y0305712687- arrived 3/31 w/ 1 damaged 11 good), 1Z8V779Y0305729759, 1Z8V779Y0305712650, 1Z8V779Y0305712669, 1Z8V779Y0305726387, ', 'B07H8SMGCJ', 14, 1, 'FBA', '2 Pack', '14', 0, 0, '', '', 0, 0),
(376, 382, '38877', 'N/A', '76262.png2wbmp(pngname, wbmpname, dest_height, dest_width, threshold)', 'Walgreens', '191396869566, 191396869614, 190552691882, 191396892851, 191425307417, 190078323604, 191396906358', 'B07CKFPT33 ', 72, 1, 'FBA', 'Standard Product Check-in', '72', 0, 0, '', '', 0, 0),
(377, 383, '38878', 'N/A', '76262.png2wbmp(pngname, wbmpname, dest_height, dest_width, threshold)', 'Target', '1Z3Y57290341216246, 1ZY8R0720342774830, 1ZY8F7420341601975, 1ZY8F7340341209085, 1ZV98F480340874887, 1Z300WW60341613386, 907742842058, 1ZF699E80361019650, 907742902208', 'B00E3B3CZC', 90, 1, 'FBA', 'Standard Product Check-in', '90', 0, 0, '', '', 0, 0),
(378, 384, '38879', 'N/A', '76262.png2wbmp(pngname, wbmpname, dest_height, dest_width, threshold)', 'Bed Bath & Beyond', '906433550699', 'B07D7P2NLW', 20, 1, 'FBA', '2 Pack', '20', 0, 0, '', '', 0, 0),
(379, 385, '38880', 'N/A', '76262.png2wbmp(pngname, wbmpname, dest_height, dest_width, threshold)', 'Enirely Pets', '396710905940', 'B07P7834WM ', 25, 1, 'FBA', 'Standard Product Check-in', '25', 0, 0, '', '', 0, 0),
(380, 386, '38881', 'N/A', '76262.png2wbmp(pngname, wbmpname, dest_height, dest_width, threshold)', 'Petco', '1Z88W08A0350320726, 1Z88T1T50350399369, 1Z88V4380350467584', 'B01CKB4ZWA ', 40, 1, 'FBA', 'Standard Product Check-in', '40', 0, 0, '', '', 0, 0),
(381, 387, '38882', 'N/A', '76262.png2wbmp(pngname, wbmpname, dest_height, dest_width, threshold)', 'Michaels', 'Scoring Stylus\nSKU# 2006699', 'B07QNLR2P4 ', 30, 1, 'FBA', 'Standard Product Check-in', '30', 0, 0, '', '', 0, 0),
(382, 388, '38883', 'N/A', '76262.png2wbmp(pngname, wbmpname, dest_height, dest_width, threshold)', 'Chewy', '188479512941', 'B00164S1ZK', 50, 1, 'FBA', 'Standard Product Check-in', '50', 0, 0, '', '', 0, 0),
(383, 389, '38884', 'N/A', '76262.png2wbmp(pngname, wbmpname, dest_height, dest_width, threshold)', 'Petco', '1Z878R7A0310791786, 1ZE1X2870308272645', 'B07QHJC8VY', 30, 1, 'FBA', '2 Item Bundle', '30', 0, 0, '', '', 0, 0),
(384, 390, '38885', 'N/A', '76262.png2wbmp(pngname, wbmpname, dest_height, dest_width, threshold)', 'Petco', '1Z878R9E0352885267,1Z878R9E0304908171', 'B07DFDF897 ', 60, 1, 'FBA', '2 Pack', '60', 0, 0, '', '', 0, 0),
(385, 391, '38886', 'N/A', '76262.png2wbmp(pngname, wbmpname, dest_height, dest_width, threshold)', 'Walmart', '915854140256', 'B07GPB66P8 ', 30, 1, 'FBA', 'Standard Product Check-in', '30', 0, 0, '', '', 0, 0),
(386, 392, '38887', 'N/A', '76262.png2wbmp(pngname, wbmpname, dest_height, dest_width, threshold)', 'Walgreens', '911808075209, 911810829749, 911810826658, 911808075643, 911810826338, 911810829668', 'B084TV68VB ', 72, 1, 'FBA', '2 Item Bundle', '72', 0, 0, '', '', 0, 0),
(387, 393, '38888', 'N/A', '76262.png2wbmp(pngname, wbmpname, dest_height, dest_width, threshold)', 'Miotech Store', '912082682840', 'B0184V2MXE', 36, 1, 'FBA', 'Standard Product Check-in', '36', 0, 0, '', '', 0, 0),
(388, 394, '38889', 'N/A', '76262.png2wbmp(pngname, wbmpname, dest_height, dest_width, threshold)', 'Juvias Place', '396014508175', 'B01L9UT37U', 80, 1, 'FBA', 'Standard Product Check-in', '80', 0, 0, '', '', 0, 0),
(389, 395, '38890', 'N/A', '76262.png2wbmp(pngname, wbmpname, dest_height, dest_width, threshold)', 'Sally Beauty', '1Z8V78A00310244144, 1Z8V78A00310244153, 1Z8V78A00310244162, 1Z8V78A00310244171, 1Z8V78A00310247785', 'B004FVSLLK', 50, 1, 'FBA', 'Standard Product Check-in', '50', 0, 0, '', '', 0, 0),
(390, 396, '38891', 'N/A', '76262.png2wbmp(pngname, wbmpname, dest_height, dest_width, threshold)', 'Vitacost', '911722167031, 911722169300, 911722170391, 911722166506, 918059733926', 'B06Y1B184J', 106, 1, 'FBA', '2 Pack', '106', 0, 0, '', '', 0, 0),
(391, 397, '01/01/2020', 'N/A', '76262.png2wbmp(pngname, wbmpname, dest_height, dest_width, threshold)', 'Bed Bath & Beyond', '139204187719, 182825925794', 'B07YTCZLZQ', 60, 1, 'FBA', '3 Pa+K2:K13ck (3 packs of 3 ct)', '60', 0, 0, '', '', 0, 0),
(392, 398, '01/01/2020', 'N/A', '76262.png2wbmp(pngname, wbmpname, dest_height, dest_width, threshold)', 'Walgreens', '186377410937, 186484543590, 186377409061, 186484543616, 186484543579, 9205590107698935401395\n\n\n', 'B07CKFPT33', 72, 1, 'FBA', 'Standard Product Check-in', '72', 0, 0, '', '', 0, 0),
(393, 399, '01/01/2020', 'N/A', '76262.png2wbmp(pngname, wbmpname, dest_height, dest_width, threshold)', 'Sally Beauty', '1Z8V779Y0305712678, (1Z8V779Y0305712687- arrived 3/31 w/ 1 damaged 11 good), 1Z8V779Y0305729759, 1Z8V779Y0305712650, 1Z8V779Y0305712669, 1Z8V779Y0305726387, ', 'B07H8SMGCJ', 14, 1, 'FBA', '2 Pack', '14', 0, 0, '', '', 0, 0),
(394, 400, '01/01/2020', 'N/A', '76262.png2wbmp(pngname, wbmpname, dest_height, dest_width, threshold)', 'Walgreens', '191396869566, 191396869614, 190552691882, 191396892851, 191425307417, 190078323604, 191396906358', 'B07CKFPT33 ', 72, 1, 'FBA', 'Standard Product Check-in', '72', 0, 0, '', '', 0, 0),
(395, 401, '01/01/2020', 'N/A', '76262.png2wbmp(pngname, wbmpname, dest_height, dest_width, threshold)', 'Target', '1Z3Y57290341216246, 1ZY8R0720342774830, 1ZY8F7420341601975, 1ZY8F7340341209085, 1ZV98F480340874887, 1Z300WW60341613386, 907742842058, 1ZF699E80361019650, 907742902208', 'B00E3B3CZC', 90, 1, 'FBA', 'Standard Product Check-in', '90', 0, 0, '', '', 0, 0),
(396, 402, '01/01/2020', 'N/A', '76262.png2wbmp(pngname, wbmpname, dest_height, dest_width, threshold)', 'Bed Bath & Beyond', '906433550699', 'B07D7P2NLW', 20, 1, 'FBA', '2 Pack', '20', 0, 0, '', '', 0, 0),
(397, 403, '01/01/2020', 'N/A', '76262.png2wbmp(pngname, wbmpname, dest_height, dest_width, threshold)', 'Enirely Pets', '396710905940', 'B07P7834WM ', 25, 1, 'FBA', 'Standard Product Check-in', '25', 0, 0, '', '', 0, 0),
(398, 404, '01/01/2020', 'N/A', '76262.png2wbmp(pngname, wbmpname, dest_height, dest_width, threshold)', 'Petco', '1Z88W08A0350320726, 1Z88T1T50350399369, 1Z88V4380350467584', 'B01CKB4ZWA ', 40, 1, 'FBA', 'Standard Product Check-in', '40', 0, 0, '', '', 0, 0),
(399, 405, '01/01/2020', 'N/A', '76262.png2wbmp(pngname, wbmpname, dest_height, dest_width, threshold)', 'Michaels', 'Scoring Stylus\nSKU# 2006699', 'B07QNLR2P4 ', 30, 1, 'FBA', 'Standard Product Check-in', '30', 0, 0, '', '', 0, 0),
(400, 406, '01/01/2020', 'N/A', '76262.png2wbmp(pngname, wbmpname, dest_height, dest_width, threshold)', 'Chewy', '188479512941', 'B00164S1ZK', 50, 1, 'FBA', 'Standard Product Check-in', '50', 0, 0, '', '', 0, 0),
(401, 407, '01/01/2020', 'N/A', '76262.png2wbmp(pngname, wbmpname, dest_height, dest_width, threshold)', 'Petco', '1Z878R7A0310791786, 1ZE1X2870308272645', 'B07QHJC8VY', 30, 1, 'FBA', '2 Item Bundle', '30', 0, 0, '', '', 0, 0),
(402, 408, '01/01/2020', 'N/A', '76262.png2wbmp(pngname, wbmpname, dest_height, dest_width, threshold)', 'Petco', '1Z878R9E0352885267,1Z878R9E0304908171', 'B07DFDF897 ', 60, 1, 'FBA', '2 Pack', '60', 0, 0, '', '', 0, 0),
(403, 409, '01/01/2020', 'N/A', '76262.png2wbmp(pngname, wbmpname, dest_height, dest_width, threshold)', 'Walmart', '915854140256', 'B07GPB66P8 ', 30, 1, 'FBA', 'Standard Product Check-in', '30', 0, 0, '', '', 0, 0),
(404, 410, '01/01/2020', 'N/A', '76262.png2wbmp(pngname, wbmpname, dest_height, dest_width, threshold)', 'Walgreens', '911808075209, 911810829749, 911810826658, 911808075643, 911810826338, 911810829668', 'B084TV68VB ', 72, 1, 'FBA', '2 Item Bundle', '72', 0, 0, '', '', 0, 0),
(405, 411, '01/01/2020', 'N/A', '76262.png2wbmp(pngname, wbmpname, dest_height, dest_width, threshold)', 'Miotech Store', '912082682840', 'B0184V2MXE', 36, 1, 'FBA', 'Standard Product Check-in', '36', 0, 0, '', '', 0, 0),
(406, 412, '01/01/2020', 'N/A', '76262.png2wbmp(pngname, wbmpname, dest_height, dest_width, threshold)', 'Juvias Place', '396014508175', 'B01L9UT37U', 80, 1, 'FBA', 'Standard Product Check-in', '80', 0, 0, '', '', 0, 0),
(407, 413, '01/01/2020', 'N/A', '76262.png2wbmp(pngname, wbmpname, dest_height, dest_width, threshold)', 'Sally Beauty', '1Z8V78A00310244144, 1Z8V78A00310244153, 1Z8V78A00310244162, 1Z8V78A00310244171, 1Z8V78A00310247785', 'B004FVSLLK', 50, 1, 'FBA', 'Standard Product Check-in', '50', 0, 0, '', '', 0, 0),
(408, 414, '01/01/2020', 'N/A', '76262.png2wbmp(pngname, wbmpname, dest_height, dest_width, threshold)', 'Vitacost', '911722167031, 911722169300, 911722170391, 911722166506, 918059733926', 'B06Y1B184J', 106, 1, 'FBA', '2 Pack', '106', 0, 0, '', '', 0, 0),
(409, 415, '01/01/2020', 'N/A', '76262.png2wbmp(pngname, wbmpname, dest_height, dest_width, threshold)', 'Bed Bath & Beyond', '139204187719, 182825925794', 'B07YTCZLZQ', 60, 1, 'FBA', '3 Pa+K2:K13ck (3 packs of 3 ct)', '60', 0, 0, '', '', 0, 0),
(410, 416, '01/01/2020', 'N/A', '76262.png2wbmp(pngname, wbmpname, dest_height, dest_width, threshold)', 'Walgreens', '186377410937, 186484543590, 186377409061, 186484543616, 186484543579, 9205590107698935401395\n\n\n', 'B07CKFPT33', 72, 1, 'FBA', 'Standard Product Check-in', '72', 0, 0, '', '', 0, 0),
(411, 417, '01/01/2020', 'N/A', '76262.png2wbmp(pngname, wbmpname, dest_height, dest_width, threshold)', 'Sally Beauty', '1Z8V779Y0305712678, (1Z8V779Y0305712687- arrived 3/31 w/ 1 damaged 11 good), 1Z8V779Y0305729759, 1Z8V779Y0305712650, 1Z8V779Y0305712669, 1Z8V779Y0305726387, ', 'B07H8SMGCJ', 14, 1, 'FBA', '2 Pack', '14', 0, 0, '', '', 0, 0),
(412, 418, '01/01/2020', 'N/A', '76262.png2wbmp(pngname, wbmpname, dest_height, dest_width, threshold)', 'Walgreens', '191396869566, 191396869614, 190552691882, 191396892851, 191425307417, 190078323604, 191396906358', 'B07CKFPT33 ', 72, 1, 'FBA', 'Standard Product Check-in', '72', 0, 0, '', '', 0, 0),
(413, 419, '01/01/2020', 'N/A', '76262.png2wbmp(pngname, wbmpname, dest_height, dest_width, threshold)', 'Target', '1Z3Y57290341216246, 1ZY8R0720342774830, 1ZY8F7420341601975, 1ZY8F7340341209085, 1ZV98F480340874887, 1Z300WW60341613386, 907742842058, 1ZF699E80361019650, 907742902208', 'B00E3B3CZC', 90, 1, 'FBA', 'Standard Product Check-in', '90', 0, 0, '', '', 0, 0),
(414, 420, '01/01/2020', 'N/A', '76262.png2wbmp(pngname, wbmpname, dest_height, dest_width, threshold)', 'Bed Bath & Beyond', '906433550699', 'B07D7P2NLW', 20, 1, 'FBA', '2 Pack', '20', 0, 0, '', '', 0, 0),
(415, 421, '01/01/2020', 'N/A', '76262.png2wbmp(pngname, wbmpname, dest_height, dest_width, threshold)', 'Enirely Pets', '396710905940', 'B07P7834WM ', 25, 1, 'FBA', 'Standard Product Check-in', '25', 0, 0, '', '', 0, 0),
(416, 422, '01/01/2020', 'N/A', '76262.png2wbmp(pngname, wbmpname, dest_height, dest_width, threshold)', 'Petco', '1Z88W08A0350320726, 1Z88T1T50350399369, 1Z88V4380350467584', 'B01CKB4ZWA ', 40, 1, 'FBA', 'Standard Product Check-in', '40', 0, 0, '', '', 0, 0),
(417, 423, '01/01/2020', 'N/A', '76262.png2wbmp(pngname, wbmpname, dest_height, dest_width, threshold)', 'Michaels', 'Scoring Stylus\nSKU# 2006699', 'B07QNLR2P4 ', 30, 1, 'FBA', 'Standard Product Check-in', '30', 0, 0, '', '', 0, 0),
(418, 424, '01/01/2020', 'N/A', '76262.png2wbmp(pngname, wbmpname, dest_height, dest_width, threshold)', 'Chewy', '188479512941', 'B00164S1ZK', 50, 1, 'FBA', 'Standard Product Check-in', '50', 0, 0, '', '', 0, 0),
(419, 425, '01/01/2020', 'N/A', '76262.png2wbmp(pngname, wbmpname, dest_height, dest_width, threshold)', 'Petco', '1Z878R7A0310791786, 1ZE1X2870308272645', 'B07QHJC8VY', 30, 1, 'FBA', '2 Item Bundle', '30', 0, 0, '', '', 0, 0),
(420, 426, '01/01/2020', 'N/A', '76262.png2wbmp(pngname, wbmpname, dest_height, dest_width, threshold)', 'Petco', '1Z878R9E0352885267,1Z878R9E0304908171', 'B07DFDF897 ', 60, 1, 'FBA', '2 Pack', '60', 0, 0, '', '', 0, 0),
(421, 427, '01/01/2020', 'N/A', '76262.png2wbmp(pngname, wbmpname, dest_height, dest_width, threshold)', 'Walmart', '915854140256', 'B07GPB66P8 ', 30, 1, 'FBA', 'Standard Product Check-in', '30', 0, 0, '', '', 0, 0),
(422, 428, '01/01/2020', 'N/A', '76262.png2wbmp(pngname, wbmpname, dest_height, dest_width, threshold)', 'Walgreens', '911808075209, 911810829749, 911810826658, 911808075643, 911810826338, 911810829668', 'B084TV68VB ', 72, 1, 'FBA', '2 Item Bundle', '72', 0, 0, '', '', 0, 0);
INSERT INTO `orders_more` (`order_more_id`, `order_id`, `upc`, `part_no`, `image`, `supplier`, `tracking_number`, `asin_number`, `qty`, `length`, `services`, `notes`, `quality`, `good_qty`, `bad_qty`, `location`, `recieved_notes`, `width`, `height`) VALUES
(423, 429, '01/01/2020', 'N/A', '76262.png2wbmp(pngname, wbmpname, dest_height, dest_width, threshold)', 'Miotech Store', '912082682840', 'B0184V2MXE', 36, 1, 'FBA', 'Standard Product Check-in', '36', 0, 0, '', '', 0, 0),
(424, 430, '01/01/2020', 'N/A', '76262.png2wbmp(pngname, wbmpname, dest_height, dest_width, threshold)', 'Juvias Place', '396014508175', 'B01L9UT37U', 80, 1, 'FBA', 'Standard Product Check-in', '80', 0, 0, '', '', 0, 0),
(425, 431, '01/01/2020', 'N/A', '76262.png2wbmp(pngname, wbmpname, dest_height, dest_width, threshold)', 'Sally Beauty', '1Z8V78A00310244144, 1Z8V78A00310244153, 1Z8V78A00310244162, 1Z8V78A00310244171, 1Z8V78A00310247785', 'B004FVSLLK', 50, 1, 'FBA', 'Standard Product Check-in', '50', 0, 0, '', '', 0, 0),
(426, 432, '01/01/2020', 'N/A', '76262.png2wbmp(pngname, wbmpname, dest_height, dest_width, threshold)', 'Vitacost', '911722167031, 911722169300, 911722170391, 911722166506, 918059733926', 'B06Y1B184J', 106, 1, 'FBA', '2 Pack', '106', 0, 0, '', '', 0, 0),
(427, 434, 'https://projects.alphinex.com/brown_box_ninja/uploads/528636.webp', 'N/A', '76262.png2wbmp(pngname, wbmpname, dest_height, dest_width, threshold)', 'Bed Bath & Beyond', '139204187719, 182825925794', 'B07YTCZLZQ', 60, 1, 'FBA', '3 Pa+K2:K13ck (3 packs of 3 ct)', '60', 0, 0, '', '', 0, 0),
(428, 435, 'https://projects.alphinex.com/brown_box_ninja/uploads/528636.webp', 'N/A', '76262.png2wbmp(pngname, wbmpname, dest_height, dest_width, threshold)', 'Walgreens', '186377410937, 186484543590, 186377409061, 186484543616, 186484543579, 9205590107698935401395\n\n\n', 'B07CKFPT33', 72, 1, 'FBA', 'Standard Product Check-in', '72', 0, 0, '', '', 0, 0),
(429, 436, 'https://projects.alphinex.com/brown_box_ninja/uploads/528636.webp', 'N/A', '76262.png2wbmp(pngname, wbmpname, dest_height, dest_width, threshold)', 'Sally Beauty', '1Z8V779Y0305712678, (1Z8V779Y0305712687- arrived 3/31 w/ 1 damaged 11 good), 1Z8V779Y0305729759, 1Z8V779Y0305712650, 1Z8V779Y0305712669, 1Z8V779Y0305726387, ', 'B07H8SMGCJ', 14, 1, 'FBA', '2 Pack', '14', 0, 0, '', '', 0, 0),
(430, 437, 'https://projects.alphinex.com/brown_box_ninja/uploads/528636.webp', 'N/A', '76262.png2wbmp(pngname, wbmpname, dest_height, dest_width, threshold)', 'Walgreens', '191396869566, 191396869614, 190552691882, 191396892851, 191425307417, 190078323604, 191396906358', 'B07CKFPT33 ', 72, 1, 'FBA', 'Standard Product Check-in', '72', 0, 0, '', '', 0, 0),
(431, 438, 'https://projects.alphinex.com/brown_box_ninja/uploads/528636.webp', 'N/A', '76262.png2wbmp(pngname, wbmpname, dest_height, dest_width, threshold)', 'Target', '1Z3Y57290341216246, 1ZY8R0720342774830, 1ZY8F7420341601975, 1ZY8F7340341209085, 1ZV98F480340874887, 1Z300WW60341613386, 907742842058, 1ZF699E80361019650, 907742902208', 'B00E3B3CZC', 90, 1, 'FBA', 'Standard Product Check-in', '90', 0, 0, '', '', 0, 0),
(432, 439, 'https://projects.alphinex.com/brown_box_ninja/uploads/528636.webp', 'N/A', '76262.png2wbmp(pngname, wbmpname, dest_height, dest_width, threshold)', 'Bed Bath & Beyond', '906433550699', 'B07D7P2NLW', 20, 1, 'FBA', '2 Pack', '20', 0, 0, '', '', 0, 0),
(433, 440, 'https://projects.alphinex.com/brown_box_ninja/uploads/528636.webp', 'N/A', '76262.png2wbmp(pngname, wbmpname, dest_height, dest_width, threshold)', 'Enirely Pets', '396710905940', 'B07P7834WM ', 25, 1, 'FBA', 'Standard Product Check-in', '25', 0, 0, '', '', 0, 0),
(434, 441, 'https://projects.alphinex.com/brown_box_ninja/uploads/528636.webp', 'N/A', '76262.png2wbmp(pngname, wbmpname, dest_height, dest_width, threshold)', 'Petco', '1Z88W08A0350320726, 1Z88T1T50350399369, 1Z88V4380350467584', 'B01CKB4ZWA ', 40, 1, 'FBA', 'Standard Product Check-in', '40', 0, 0, '', '', 0, 0),
(435, 442, 'https://projects.alphinex.com/brown_box_ninja/uploads/528636.webp', 'N/A', '76262.png2wbmp(pngname, wbmpname, dest_height, dest_width, threshold)', 'Michaels', 'Scoring Stylus\nSKU# 2006699', 'B07QNLR2P4 ', 30, 1, 'FBA', 'Standard Product Check-in', '30', 0, 0, '', '', 0, 0),
(436, 443, 'https://projects.alphinex.com/brown_box_ninja/uploads/528636.webp', 'N/A', '76262.png2wbmp(pngname, wbmpname, dest_height, dest_width, threshold)', 'Chewy', '188479512941', 'B00164S1ZK', 50, 1, 'FBA', 'Standard Product Check-in', '50', 0, 0, '', '', 0, 0),
(437, 444, 'https://projects.alphinex.com/brown_box_ninja/uploads/528636.webp', 'N/A', '76262.png2wbmp(pngname, wbmpname, dest_height, dest_width, threshold)', 'Petco', '1Z878R7A0310791786, 1ZE1X2870308272645', 'B07QHJC8VY', 30, 1, 'FBA', '2 Item Bundle', '30', 0, 0, '', '', 0, 0),
(438, 445, 'https://projects.alphinex.com/brown_box_ninja/uploads/528636.webp', 'N/A', '76262.png2wbmp(pngname, wbmpname, dest_height, dest_width, threshold)', 'Petco', '1Z878R9E0352885267,1Z878R9E0304908171', 'B07DFDF897 ', 60, 1, 'FBA', '2 Pack', '60', 0, 0, '', '', 0, 0),
(439, 446, 'https://projects.alphinex.com/brown_box_ninja/uploads/528636.webp', 'N/A', '76262.png2wbmp(pngname, wbmpname, dest_height, dest_width, threshold)', 'Walmart', '915854140256', 'B07GPB66P8 ', 30, 1, 'FBA', 'Standard Product Check-in', '30', 0, 0, '', '', 0, 0),
(440, 447, 'https://projects.alphinex.com/brown_box_ninja/uploads/528636.webp', 'N/A', '76262.png2wbmp(pngname, wbmpname, dest_height, dest_width, threshold)', 'Walgreens', '911808075209, 911810829749, 911810826658, 911808075643, 911810826338, 911810829668', 'B084TV68VB ', 72, 1, 'FBA', '2 Item Bundle', '72', 0, 0, '', '', 0, 0),
(441, 448, 'https://projects.alphinex.com/brown_box_ninja/uploads/528636.webp', 'N/A', '76262.png2wbmp(pngname, wbmpname, dest_height, dest_width, threshold)', 'Miotech Store', '912082682840', 'B0184V2MXE', 36, 1, 'FBA', 'Standard Product Check-in', '36', 0, 0, '', '', 0, 0),
(442, 449, 'https://projects.alphinex.com/brown_box_ninja/uploads/528636.webp', 'N/A', '76262.png2wbmp(pngname, wbmpname, dest_height, dest_width, threshold)', 'Juvias Place', '396014508175', 'B01L9UT37U', 80, 1, 'FBA', 'Standard Product Check-in', '80', 0, 0, '', '', 0, 0),
(443, 450, 'https://projects.alphinex.com/brown_box_ninja/uploads/528636.webp', 'N/A', '76262.png2wbmp(pngname, wbmpname, dest_height, dest_width, threshold)', 'Sally Beauty', '1Z8V78A00310244144, 1Z8V78A00310244153, 1Z8V78A00310244162, 1Z8V78A00310244171, 1Z8V78A00310247785', 'B004FVSLLK', 50, 1, 'FBA', 'Standard Product Check-in', '50', 0, 0, '', '', 0, 0),
(444, 451, 'https://projects.alphinex.com/brown_box_ninja/uploads/528636.webp', 'N/A', '76262.png2wbmp(pngname, wbmpname, dest_height, dest_width, threshold)', 'Vitacost', '911722167031, 911722169300, 911722170391, 911722166506, 918059733926', 'B06Y1B184J', 106, 1, 'FBA', '2 Pack', '106', 0, 0, '', '', 0, 0),
(445, 452, 'https://projects.alphinex.com/brown_box_ninja/uploads/528636.webp', 'N/A', '76262.png2wbmp(pngname, wbmpname, dest_height, dest_width, threshold)', 'Bed Bath & Beyond', '139204187719, 182825925794', 'B07YTCZLZQ', 60, 1, 'FBA', '3 Pa+K2:K13ck (3 packs of 3 ct)', '60', 0, 0, '', '', 0, 0),
(446, 453, 'https://projects.alphinex.com/brown_box_ninja/uploads/528636.webp', 'N/A', '76262.png2wbmp(pngname, wbmpname, dest_height, dest_width, threshold)', 'Walgreens', '186377410937, 186484543590, 186377409061, 186484543616, 186484543579, 9205590107698935401395\n\n\n', 'B07CKFPT33', 72, 1, 'FBA', 'Standard Product Check-in', '72', 0, 0, '', '', 0, 0),
(447, 454, 'https://projects.alphinex.com/brown_box_ninja/uploads/528636.webp', 'N/A', '76262.png2wbmp(pngname, wbmpname, dest_height, dest_width, threshold)', 'Sally Beauty', '1Z8V779Y0305712678, (1Z8V779Y0305712687- arrived 3/31 w/ 1 damaged 11 good), 1Z8V779Y0305729759, 1Z8V779Y0305712650, 1Z8V779Y0305712669, 1Z8V779Y0305726387, ', 'B07H8SMGCJ', 14, 1, 'FBA', '2 Pack', '14', 0, 0, '', '', 0, 0),
(448, 455, 'https://projects.alphinex.com/brown_box_ninja/uploads/528636.webp', 'N/A', '76262.png2wbmp(pngname, wbmpname, dest_height, dest_width, threshold)', 'Walgreens', '191396869566, 191396869614, 190552691882, 191396892851, 191425307417, 190078323604, 191396906358', 'B07CKFPT33 ', 72, 1, 'FBA', 'Standard Product Check-in', '72', 0, 0, '', '', 0, 0),
(449, 456, 'https://projects.alphinex.com/brown_box_ninja/uploads/528636.webp', 'N/A', '76262.png2wbmp(pngname, wbmpname, dest_height, dest_width, threshold)', 'Target', '1Z3Y57290341216246, 1ZY8R0720342774830, 1ZY8F7420341601975, 1ZY8F7340341209085, 1ZV98F480340874887, 1Z300WW60341613386, 907742842058, 1ZF699E80361019650, 907742902208', 'B00E3B3CZC', 90, 1, 'FBA', 'Standard Product Check-in', '90', 0, 0, '', '', 0, 0),
(450, 457, 'https://projects.alphinex.com/brown_box_ninja/uploads/528636.webp', 'N/A', '76262.png2wbmp(pngname, wbmpname, dest_height, dest_width, threshold)', 'Bed Bath & Beyond', '906433550699', 'B07D7P2NLW', 20, 1, 'FBA', '2 Pack', '20', 0, 0, '', '', 0, 0),
(451, 458, 'https://projects.alphinex.com/brown_box_ninja/uploads/528636.webp', 'N/A', '76262.png2wbmp(pngname, wbmpname, dest_height, dest_width, threshold)', 'Enirely Pets', '396710905940', 'B07P7834WM ', 25, 1, 'FBA', 'Standard Product Check-in', '25', 0, 0, '', '', 0, 0),
(453, 460, 'https://projects.alphinex.com/brown_box_ninja/uploads/528636.webp', 'N/A', '76262.png2wbmp(pngname, wbmpname, dest_height, dest_width, threshold)', 'Michaels', 'Scoring Stylus\nSKU# 2006699', 'B07QNLR2P4 ', 30, 1, 'FBA', 'Standard Product Check-in', '30', 0, 0, '', '', 0, 0),
(583, 590, 'n/a', 'n/a', '7760download.jfif', 'target', '123456', 'b34567', 10, 15, 'fba', 'might do a 2 pack', NULL, 5, 5, '3245-3454', '5 were broken in location 5-6', 0, 0),
(474, 481, 'N/A', 'N/A', '76262.png2wbmp(pngname, wbmpname, dest_height, dest_width, threshold)', 'Petco', '1Z878R9E0352885267,1Z878R9E0304908171', 'B07DFDF897 ', 60, 1, 'FBA', '2 Pack', '60', 0, 0, '', '', 0, 0),
(584, 591, 'regregerg', 'erg', '2634_57d.JPG', 'gergre', 'gregre', 'gregre', 12, 12, 'ergerger', 'regreg', NULL, 0, 0, '', '', 0, 0),
(585, 592, 'erfgerg', 'regerg', '7045depositphotos_19348025-stock-illustration-100-satisfaction-guaranteed-gold-label.jpg', 'gergre', 'gerger', 'regregre', 45, 34, 'ergergre', 'ergergre', NULL, 0, 0, '', '', 0, 0),
(586, 593, 'efergreg', 'ergerg', '7345certified.png', 'gerg', 'ergreger', 'ergergre', 4700, 12, 'regerg', 'gergergreg', NULL, 4700, 0, 'a-10-1234', '', 0, 0),
(587, 594, 'n/a', 'n/a', '76262.png2wbmp(pngname, wbmpname, dest_height, dest_width, threshold)', 'steve', '42684864', 'afdsfsdfs', 200, 1, 'FBA', 'hi amanda', '200', 0, 0, '', '', 0, 0),
(588, 595, 'n/a', 'n/a', '76262.png2wbmp(pngname, wbmpname, dest_height, dest_width, threshold)', 'steve', '42684864', 'afdsfsdfs', 200, 1, 'FBA', 'hi amanda', '200', 0, 0, '', '', 0, 0),
(589, 596, 'n/a', 'n/a', '76262.png2wbmp(pngname, wbmpname, dest_height, dest_width, threshold)', 'steve', '42684864', 'afdsfsdfs', 200, 1, 'FBA', 'hi amanda', '200', 0, 0, '', '', 0, 0),
(590, 597, 'n/a', 'n/a', '76262.png2wbmp(pngname, wbmpname, dest_height, dest_width, threshold)', 'steve', '42684864', 'afdsfsdfs', 200, 1, 'FBA', 'hi amanda', '200', 0, 0, '', '', 0, 0),
(591, 598, 'n/a', 'n/a', '76262.png2wbmp(pngname, wbmpname, dest_height, dest_width, threshold)', 'steve', '42684864', 'afdsfsdfs', 200, 1, 'FBA', 'hi amanda', '200', 0, 0, '', '', 0, 0),
(592, 599, 'n/a', 'n/a', '76262.png2wbmp(pngname, wbmpname, dest_height, dest_width, threshold)', 'steve', '42684864', 'afdsfsdfs', 200, 1, 'FBA', 'hi amanda', '200', 0, 0, '', '', 0, 0),
(593, 600, 'n/a', 'n/a', '76262.png2wbmp(pngname, wbmpname, dest_height, dest_width, threshold)', 'steve', '42684864', 'afdsfsdfs', 200, 1, 'FBA', 'hi amanda', '200', 0, 0, '', '', 0, 0),
(594, 601, 'n/a', 'n/a', '76262.png2wbmp(pngname, wbmpname, dest_height, dest_width, threshold)', 'steve', '42684864', 'afdsfsdfs', 200, 1, 'FBA', 'hi amanda', '200', 0, 0, '', '', 0, 0),
(595, 602, 'n/a', 'n/a', '76262.png2wbmp(pngname, wbmpname, dest_height, dest_width, threshold)', 'steve', '42684864', 'afdsfsdfs', 200, 1, 'FBA', 'hi amanda', '200', 0, 0, '', '', 0, 0),
(596, 603, 'n/a', 'n/a', '76262.png2wbmp(pngname, wbmpname, dest_height, dest_width, threshold)', 'steve', '42684864', 'afdsfsdfs', 200, 1, 'FBA', 'hi amanda', '200', 0, 0, '', '', 0, 0),
(597, 604, 'n/a', 'n/a', '76262.png2wbmp(pngname, wbmpname, dest_height, dest_width, threshold)', 'steve', '42684864', 'afdsfsdfs', 200, 1, 'FBA', 'hi amanda', '200', 0, 0, '', '', 0, 0),
(598, 605, 'n/a', 'n/a', '76262.png2wbmp(pngname, wbmpname, dest_height, dest_width, threshold)', 'steve', '42684864', 'afdsfsdfs', 200, 1, 'FBA', 'hi amanda', '200', 0, 0, '', '', 0, 0),
(599, 606, 'n/a', 'n/a', '76262.png2wbmp(pngname, wbmpname, dest_height, dest_width, threshold)', 'steve', '42684864', 'afdsfsdfs', 200, 1, 'FBA', 'hi amanda', '200', 0, 0, '', '', 0, 0),
(600, 607, 'n/a', 'n/a', '76262.png2wbmp(pngname, wbmpname, dest_height, dest_width, threshold)', 'steve', '42684864', 'afdsfsdfs', 200, 1, 'FBA', 'hi amanda', '200', 0, 0, '', '', 0, 0),
(601, 608, 'n/a', 'n/a', '76262.png2wbmp(pngname, wbmpname, dest_height, dest_width, threshold)', 'steve', '42684864', 'afdsfsdfs', 200, 1, 'FBA', 'hi amanda', '200', 0, 0, '', '', 0, 0),
(602, 609, 'n/a', 'n/a', '76262.png2wbmp(pngname, wbmpname, dest_height, dest_width, threshold)', 'steve', '42684864', 'afdsfsdfs', 200, 1, 'FBA', 'hi amanda', '200', 0, 0, '', '', 0, 0),
(603, 610, 'n/a', 'n/a', '76262.png2wbmp(pngname, wbmpname, dest_height, dest_width, threshold)', 'steve', '42684864', 'afdsfsdfs', 200, 1, 'FBA', 'hi amanda', '200', 0, 0, '', '', 0, 0),
(604, 611, 'n/a', 'n/a', '76262.png2wbmp(pngname, wbmpname, dest_height, dest_width, threshold)', 'steve', '42684864', 'afdsfsdfs', 200, 1, 'FBA', 'hi amanda', '200', 200, 0, 'drgdrg', '', 0, 0),
(605, 612, 'n/a', 'n/a', '76262.png2wbmp(pngname, wbmpname, dest_height, dest_width, threshold)', 'steve', '42684864', 'afdsfsdfs', 200, 1, 'FBA', 'hi amanda', '200', 0, 0, '', '', 0, 0),
(606, 613, 'n/a', 'n/a', '76262.png2wbmp(pngname, wbmpname, dest_height, dest_width, threshold)', 'steve', '42684864', 'afdsfsdfs', 200, 1, 'FBA', 'hi amanda', '200', 0, 0, '', '', 0, 0),
(607, 614, 'n/a', 'n/a', '76262.png2wbmp(pngname, wbmpname, dest_height, dest_width, threshold)', 'steve', '42684864', 'afdsfsdfs', 200, 1, 'FBA', 'hi amanda', '200', 0, 0, '', '', 0, 0),
(608, 615, 'n/a', 'n/a', '76262.png2wbmp(pngname, wbmpname, dest_height, dest_width, threshold)', 'steve', '42684864', 'afdsfsdfs', 200, 1, 'FBA', 'hi amanda', '200', 0, 0, '', '', 0, 0),
(609, 616, 'n/a', 'n/a', '76262.png2wbmp(pngname, wbmpname, dest_height, dest_width, threshold)', 'steve', '42684864', 'afdsfsdfs', 200, 1, 'FBA', 'hi amanda', '200', 0, 0, '', '', 0, 0),
(610, 617, 'n/a', 'n/a', '76262.png2wbmp(pngname, wbmpname, dest_height, dest_width, threshold)', 'steve', '42684864', 'afdsfsdfs', 200, 1, 'FBA', 'hi amanda', '200', 0, 0, '', '', 0, 0),
(611, 618, 'n/a', 'n/a', '1368index.png', 'steve', '42684864', 'afdsfsdfs', 200, 1, 'FBA', 'hi amanda', '200', 0, 0, '', '', 0, 0),
(612, 619, 'n/a', 'n/a', '76262.png2wbmp(pngname, wbmpname, dest_height, dest_width, threshold)', 'steve', '42684864', 'afdsfsdfs', 200, 1, 'FBA', 'hi amanda', '200', 0, 0, '', '', 0, 0),
(613, 620, 'n/a', 'n/a', '76262.png2wbmp(pngname, wbmpname, dest_height, dest_width, threshold)', 'steve', '42684864', 'afdsfsdfs', 200, 1, 'FBA', 'hi amanda', '200', 200, 0, '123', '1 was green not blue', 0, 0),
(614, 621, 'n/a', 'n/a', '76262.png2wbmp(pngname, wbmpname, dest_height, dest_width, threshold)', 'steve', '42684864', 'afdsfsdfs', 150, 1, 'FBA', 'hi amanda', '200', 150, 0, '123456', '', 0, 0),
(615, 622, 'n/a', 'n/a', '3752_57d.JPG', 'steve', '42684864', 'afdsfsdfs', 100, 1, 'FBA', 'hi amanda', '200', 100, 5, '1-2-3', '', 0, 0),
(620, 627, 'N/A', 'N/A', '76262.png2wbmp(pngname, wbmpname, dest_height, dest_width, threshold)', 'Sally Beauty', '1Z8V779Y0309585111, 1Z8V779Y0309600497', 'B00IYTT14U', 20, 1, 'FBA', 'Standard Product Check-in', '20', 0, 0, '', '', 0, 0);

-- --------------------------------------------------------

--
-- Table structure for table `suppliers`
--

CREATE TABLE `suppliers` (
  `id` int(11) NOT NULL,
  `supplier_name` varchar(255) DEFAULT NULL,
  `email` varchar(255) DEFAULT NULL,
  `website` varchar(255) DEFAULT NULL,
  `office_phone` varchar(255) DEFAULT NULL,
  `office_fax` varchar(255) DEFAULT NULL,
  `account_manager` varchar(255) DEFAULT NULL,
  `street_address` varchar(255) DEFAULT NULL,
  `city` varchar(255) DEFAULT NULL,
  `state` varchar(255) DEFAULT NULL,
  `zip_code` varchar(255) DEFAULT NULL,
  `is_deleted` tinyint(1) DEFAULT 0
) ENGINE=InnoDB DEFAULT CHARSET=latin1;

-- --------------------------------------------------------

--
-- Table structure for table `tickets`
--

CREATE TABLE `tickets` (
  `id` int(11) NOT NULL,
  `title` text NOT NULL,
  `issue` text NOT NULL,
  `user_id` int(11) NOT NULL,
  `ticket_number` varchar(255) NOT NULL,
  `datetime` timestamp NOT NULL DEFAULT current_timestamp(),
  `status` enum('new','active','resolved') NOT NULL DEFAULT 'new',
  `resolved_by` int(11) NOT NULL
) ENGINE=InnoDB DEFAULT CHARSET=latin1;

--
-- Dumping data for table `tickets`
--

INSERT INTO `tickets` (`id`, `title`, `issue`, `user_id`, `ticket_number`, `datetime`, `status`, `resolved_by`) VALUES
(10, 'damage question', 'you checked in 5 bad units for my xl lime green socks. but i do not see a reason. what is wrong with them?', 7, '641083', '2020-09-16 03:06:27', 'resolved', 6),
(11, 'why have you not checked in my items?', 'why have you not checked in my items?', 15, '192756', '2020-09-16 03:33:28', 'resolved', 15),
(12, 'My order has not been arrived yet', 'My order has not been arrived yet My order has not been arrived yetMy order has not been arrived yet My order has not been arrived yetMy order has not been arrived yet My order has not been arrived yet', 7, '116840', '2020-09-18 20:30:33', 'resolved', 6);

-- --------------------------------------------------------

--
-- Table structure for table `tickets_msgs`
--

CREATE TABLE `tickets_msgs` (
  `id` int(11) NOT NULL,
  `ticket_id` int(11) NOT NULL,
  `user_id` int(11) NOT NULL,
  `is_customer` tinyint(1) NOT NULL,
  `msg` text NOT NULL,
  `datetime` timestamp NOT NULL DEFAULT current_timestamp()
) ENGINE=InnoDB DEFAULT CHARSET=latin1;

--
-- Dumping data for table `tickets_msgs`
--

INSERT INTO `tickets_msgs` (`id`, `ticket_id`, `user_id`, `is_customer`, `msg`, `datetime`) VALUES
(26, 10, 6, 0, 'wtf are you talking about they are broken!!!!!!', '2020-09-16 03:06:49'),
(27, 10, 6, 0, 'they stink and torn', '2020-09-16 03:08:33'),
(28, 10, 7, 1, 'ok thank you. and BTW you are a bitch', '2020-09-16 03:09:11'),
(29, 11, 6, 0, 'um....we havent got them yet. check your tracking numners', '2020-09-16 03:35:26'),
(30, 12, 6, 0, 'Hi..klajsdlfjasl dfjlkas dfklas ', '2020-09-18 20:31:47'),
(31, 12, 7, 1, 'a,smf;aks;dfk;ldf asdfa sdf', '2020-09-18 20:32:25');

-- --------------------------------------------------------

--
-- Table structure for table `users`
--

CREATE TABLE `users` (
  `id` int(11) NOT NULL,
  `username` varchar(255) NOT NULL,
  `role` enum('admin','customer') NOT NULL,
  `email` varchar(255) NOT NULL,
  `password` varchar(255) NOT NULL,
  `created_on` timestamp NOT NULL DEFAULT current_timestamp() ON UPDATE current_timestamp(),
  `phone` varchar(255) NOT NULL,
  `customer_name` varchar(255) NOT NULL,
  `store_name` varchar(255) NOT NULL,
  `amazon_acc_name` varchar(255) DEFAULT NULL,
  `address` varchar(255) NOT NULL,
  `is_deleted` int(1) NOT NULL,
  `user_status` enum('active','inactive','blocked') NOT NULL DEFAULT 'active'
) ENGINE=InnoDB DEFAULT CHARSET=latin1;

--
-- Dumping data for table `users`
--

INSERT INTO `users` (`id`, `username`, `role`, `email`, `password`, `created_on`, `phone`, `customer_name`, `store_name`, `amazon_acc_name`, `address`, `is_deleted`, `user_status`) VALUES
(6, 'admin', 'admin', 'admin@admin.com', 'fb8b6dc0c671624dfd238000488cada50077cec8606c8d8e819603434976181fd581a23ec21711c0d775a754a07bff5af2b65467636013271a54a857d54d1cf4HARZ9uwriDLijfzqYX1iEWnBeVF+B4PaxdMBLhRQmw8=', '2020-07-16 18:06:47', '', '', '', NULL, '', 0, 'active'),
(7, 'test', 'customer', 'test@email.com', '74184764531b37bd664cf21d48a1cd863e90811bc3d6a3980d27803c3d7e6be973fd031da1f087a68c0c281a7f5ad3850229485e7f27f86d53310fc106846f46MMzTnU0nnPKyP6CXkPfLleKyYXADvTE041/vyZBnNro=', '2020-08-12 10:44:44', '12341234', 'test', 'test', NULL, 'test', 0, 'active'),
(9, '123', 'customer', '123@email.com', '73b4b9ab37f51310db553396470d21460eff74e88566aaaec8b63fed39b8eb7a16925eb5fc3123c461a0312e149411d9e6ecd05333d4a3a1c28357ac9867f693wF0exsd+AY1XycSqGTqws1+aqrWkcWYfY6MtIbev6Sw=', '2020-07-16 18:06:47', 'asdf', '', '', NULL, '', 0, 'active'),
(10, 'new', 'customer', 'new@gmail.com', '7f8a6560956ba61648a9291b6923633650d6b66abefd21a89b403a5aa443f33d21bf37fa7f0e60ae65ec2b4211765b0281a43820ddda02c25c779f593d08d62ctvD3yDfTMCZwH1yGcnpzyucbLUtWzJWBLMC2MHfXiJM=', '2020-07-16 18:06:47', '555555', '', '', NULL, '', 0, 'active'),
(11, 'asf', 'admin', 'asfas@gmail.com', 'ac705511589e5520b8641a04135f137f4341e08e4f562937d6e5173c195f7657e92e7254c9c25000e23bee56dfbefb5dae26ba56dec51213c08036dfb6adf91fMAHz7DRJD58DBMFiLDV6IQAo3tAZE8LOCf05xcAQe8E=', '2020-07-16 18:06:47', 'safsa', 'asfas', 'safas', 'fsfsa', 'afsa', 0, 'active'),
(12, 'shj', 'admin', 'dsg#gmail.com', 'e446f70c94e76acb77177bf54e8c819afcd383efed511653ee4e4c9cf742f8d43dfb939815bfbe0be21d6c7dad7072fed358559824587702a48ca171924ba22duuTgDVuNtpqURBlus966wmnyJ4CgbskKOOGmRgREKdY=', '2020-07-16 18:10:37', '03073500573', 'ameer', 'asfasf', 'safasf', 'qasmabad', 0, 'active'),
(13, 'Dani', 'customer', 'test@test.com', 'ab86a175355c2b99f08041cd602bd1f3e393ec1b61e77f57f0b21dd4c9413a76551db13da5d2617dba660d3b48e45278a85f115215ec3a4141ba1b90436ebee9XwgjVBsd53JsuYiwOggolDrxNyNR2f1t/bLUZx/hMK0=', '2020-08-10 23:49:21', '8451651', 'test Yes', 'My store', NULL, 'USA', 0, 'active'),
(14, 'dfbvfdb', 'customer', 'fbfd@rgreg.com', 'c9b8da3639cdf667cd43fceaea6f5093a32cd3164c455084d7e56d3d1e4189bbdc5149be6d6447a483664c5e5dac2ec70fcb98dfcfadceb4ae0ec5cbaf540d306hXuyDBAb1KGRB80BuneMvGP9MnbIOBzobfAOmcwE7c=', '2020-08-08 00:23:08', '32435435435', 'sefgserrgseg', 'segsegseges', NULL, 'gesgesges', 0, 'active'),
(15, 'Weby', 'customer', 'N/A', '705a0f2cd4387eae6071fb3dfd7cb38443af039fa3d9da046b5431a8e5cba832a45f02cdeb31dd849e66a448984354cbfeafea977c5cc001c8258f1303becbc2iw0YyVGMwS9Re58tJfkfG1L0HSfvAIY0DRzUcA7/f8U=', '2020-08-12 04:03:46', 'N/A', 'Weby Corp', 'Weby Corp', NULL, 'N/A', 0, 'active'),
(17, 'ameer', 'customer', 'ameerali1811@gmail.com', '029cc9a05e056122b1d0cef010b3e5d397d8580251bac0dafc1f48ca73290fa7c104f19564ef5f97b03724a63c9f94bc426f4688106262fcd1281b43242a9814Z8ouJsLJCND+oRrxUOEOYloGqSWfx28mQPeR4JcwaEU=', '2020-09-12 02:36:04', '03073500573', 'Talha', 'Ideas', NULL, 'qasmabad', 0, 'active'),
(24, 'abc', 'customer', 'ameerali1811@gmail.com', '8c10d84029af192f4797f537df5f2a6eb3651f70d5d7fd926f55b333745bbeec5237432ecd12ce93af296d702bbdd313a4407b770b462c382d9983d64ce4a34cFGc/BUUprLtPhya65yYLTopvLT9+v0Th3QMNTOthcEQ=', '2020-09-12 19:33:09', '03073500573', 'Talha', 'Ideas', NULL, 'qasmabad', 0, 'active'),
(25, 'uythytr', 'customer', 'ytrrtytr@yahoo.com', '15407f75fc768c048ba7f32d5042b13de6a5f75207c6a51d5ac7bfdc613870d63326c129918ba2c56eef9cbc80bde45af9e761323bb8f5bf54b11cd00a2c511bQuVHnmBen9hO3mSmmkrqHpDvWDvEo52Dj3ho6DQAlYI=', '2020-09-13 23:13:45', '5412547896', 'drgdgrd', 'grdgrd', NULL, 'grd', 0, 'active'),
(26, 'laiba', 'customer', 'laiba@gmail.com', '2d779faf8a8babe3da335c92d933717fdc3e704d2ead09f11694ba9dafbb6c85fbce4d6c47c77ddddf291a62ca081aaf982358df4051798c8ca4d99bdbab1999kc6sHkw47QUkySQBEKjbHepfqrr2/K4cNNuMXhUE+bQ=', '2020-09-21 17:35:07', '12', 'laiba', 'daraz', NULL, 'a12', 0, 'active');

-- --------------------------------------------------------

--
-- Table structure for table `user_orderdetails`
--

CREATE TABLE `user_orderdetails` (
  `orderdetail_id` int(11) NOT NULL,
  `user_orderid` int(11) NOT NULL,
  `order_id` int(11) NOT NULL,
  `bundle_quantity` int(11) NOT NULL,
  `orderdetail_notes` varchar(255) NOT NULL
) ENGINE=InnoDB DEFAULT CHARSET=utf8mb4;

--
-- Dumping data for table `user_orderdetails`
--

INSERT INTO `user_orderdetails` (`orderdetail_id`, `user_orderid`, `order_id`, `bundle_quantity`, `orderdetail_notes`) VALUES
(1, 4, 2, 5, 'kindly provide good quality'),
(2, 4, 4, 5, 'quality should be good'),
(3, 5, 6, 5, 'Nothing to say'),
(4, 5, 7, 5, 'what can i say'),
(5, 0, 9, 4, '            dfrgreg'),
(6, 0, 10, 2, '            '),
(7, 0, 11, 1, 'asdf'),
(8, 0, 12, 1, 'asdfasdf'),
(9, 10, 14, 1, '1'),
(10, 10, 5, 1, '1   '),
(11, 11, 15, 2, '            fgdfg'),
(12, 12, 16, 5, 'please make it fast'),
(13, 12, 17, 1, 'hello            '),
(14, 13, 18, 1, 'Hello            '),
(15, 14, 22, 2, 'Hello'),
(16, 15, 24, 3, 'hello'),
(17, 16, 28, 2, '2'),
(18, 17, 590, 0, '       please trash the bad socks     '),
(19, 18, 624, 2, '            2 packs'),
(20, 18, 625, 5, '            5 pack'),
(21, 18, 626, 0, '            hurry up'),
(22, 19, 630, 0, '            '),
(23, 20, 629, 0, '            ');

-- --------------------------------------------------------

--
-- Table structure for table `user_orders`
--

CREATE TABLE `user_orders` (
  `id` int(11) NOT NULL,
  `order_no` varchar(255) NOT NULL,
  `notes` varchar(255) NOT NULL,
  `datetime` timestamp NOT NULL DEFAULT current_timestamp(),
  `status` enum('new','completed') NOT NULL,
  `user_id` int(11) NOT NULL,
  `is_archive` tinyint(4) NOT NULL
) ENGINE=InnoDB DEFAULT CHARSET=latin1;

--
-- Dumping data for table `user_orders`
--

INSERT INTO `user_orders` (`id`, `order_no`, `notes`, `datetime`, `status`, `user_id`, `is_archive`) VALUES
(4, 'SD123ASASD', '', '2020-09-01 04:00:00', 'completed', 7, 1),
(5, 'SD321ASASD', '', '2020-09-01 04:00:00', 'completed', 7, 1),
(10, 'TEST123', '', '2020-09-01 13:00:00', 'completed', 7, 1),
(11, '', '', '2020-09-01 13:00:00', 'completed', 7, 0),
(12, 'asdasf', '', '2020-09-02 04:00:00', 'completed', 7, 0),
(13, 'asdasf', '', '2020-09-02 04:00:00', 'completed', 7, 0),
(14, 'SD123ASASD', '', '2020-09-12 04:00:00', 'new', 17, 0),
(15, 'SU5549QGGK', 'hello the order should be on time', '2020-09-01 04:00:00', 'new', 17, 1),
(16, 'sefesfesfes', 'fsefesfesfesfse', '2020-09-01 04:00:00', 'new', 7, 0),
(17, 'disposal', 'please trash the bad socks	', '2020-09-01 04:00:00', 'completed', 7, 1),
(18, 'rgregrherthgerhre', 'hurry up ', '2020-09-15 04:00:00', 'completed', 15, 1),
(19, 'ert54ryr5yrt', '', '2020-07-08 04:00:00', 'new', 7, 0),
(20, 'ABCXYZ', '', '2020-09-01 04:00:00', 'completed', 7, 1);

--
-- Indexes for dumped tables
--

--
-- Indexes for table `auths`
--
ALTER TABLE `auths`
  ADD PRIMARY KEY (`auth_id`);

--
-- Indexes for table `invoices`
--
ALTER TABLE `invoices`
  ADD PRIMARY KEY (`id`);

--
-- Indexes for table `notifications`
--
ALTER TABLE `notifications`
  ADD PRIMARY KEY (`id`);

--
-- Indexes for table `orders`
--
ALTER TABLE `orders`
  ADD PRIMARY KEY (`id`);

--
-- Indexes for table `orders_more`
--
ALTER TABLE `orders_more`
  ADD PRIMARY KEY (`order_more_id`);

--
-- Indexes for table `suppliers`
--
ALTER TABLE `suppliers`
  ADD PRIMARY KEY (`id`);

--
-- Indexes for table `tickets`
--
ALTER TABLE `tickets`
  ADD PRIMARY KEY (`id`);

--
-- Indexes for table `tickets_msgs`
--
ALTER TABLE `tickets_msgs`
  ADD PRIMARY KEY (`id`);

--
-- Indexes for table `users`
--
ALTER TABLE `users`
  ADD PRIMARY KEY (`id`);

--
-- Indexes for table `user_orderdetails`
--
ALTER TABLE `user_orderdetails`
  ADD PRIMARY KEY (`orderdetail_id`);

--
-- Indexes for table `user_orders`
--
ALTER TABLE `user_orders`
  ADD PRIMARY KEY (`id`);

--
-- AUTO_INCREMENT for dumped tables
--

--
-- AUTO_INCREMENT for table `auths`
--
ALTER TABLE `auths`
  MODIFY `auth_id` int(11) NOT NULL AUTO_INCREMENT, AUTO_INCREMENT=2;

--
-- AUTO_INCREMENT for table `invoices`
--
ALTER TABLE `invoices`
  MODIFY `id` int(11) NOT NULL AUTO_INCREMENT, AUTO_INCREMENT=35;

--
-- AUTO_INCREMENT for table `notifications`
--
ALTER TABLE `notifications`
  MODIFY `id` int(11) NOT NULL AUTO_INCREMENT, AUTO_INCREMENT=29;

--
-- AUTO_INCREMENT for table `orders`
--
ALTER TABLE `orders`
  MODIFY `id` int(11) NOT NULL AUTO_INCREMENT, AUTO_INCREMENT=664;

--
-- AUTO_INCREMENT for table `orders_more`
--
ALTER TABLE `orders_more`
  MODIFY `order_more_id` int(11) NOT NULL AUTO_INCREMENT, AUTO_INCREMENT=652;

--
-- AUTO_INCREMENT for table `suppliers`
--
ALTER TABLE `suppliers`
  MODIFY `id` int(11) NOT NULL AUTO_INCREMENT;

--
-- AUTO_INCREMENT for table `tickets`
--
ALTER TABLE `tickets`
  MODIFY `id` int(11) NOT NULL AUTO_INCREMENT, AUTO_INCREMENT=13;

--
-- AUTO_INCREMENT for table `tickets_msgs`
--
ALTER TABLE `tickets_msgs`
  MODIFY `id` int(11) NOT NULL AUTO_INCREMENT, AUTO_INCREMENT=32;

--
-- AUTO_INCREMENT for table `users`
--
ALTER TABLE `users`
  MODIFY `id` int(11) NOT NULL AUTO_INCREMENT, AUTO_INCREMENT=27;

--
-- AUTO_INCREMENT for table `user_orderdetails`
--
ALTER TABLE `user_orderdetails`
  MODIFY `orderdetail_id` int(11) NOT NULL AUTO_INCREMENT, AUTO_INCREMENT=24;

--
-- AUTO_INCREMENT for table `user_orders`
--
ALTER TABLE `user_orders`
  MODIFY `id` int(11) NOT NULL AUTO_INCREMENT, AUTO_INCREMENT=21;
COMMIT;

/*!40101 SET CHARACTER_SET_CLIENT=@OLD_CHARACTER_SET_CLIENT */;
/*!40101 SET CHARACTER_SET_RESULTS=@OLD_CHARACTER_SET_RESULTS */;
/*!40101 SET COLLATION_CONNECTION=@OLD_COLLATION_CONNECTION */;
